Plot Title: 1. table nursery. 01/11/22,,,,,,,,
#,"Date Time, GMT-06:00","Temp, °C (LGR S/N: 21258716, SEN S/N: 21258716)","Intensity, Lux (LGR S/N: 21258716, SEN S/N: 21258716)",Coupler Attached (LGR S/N: 21258716),Coupler Detached (LGR S/N: 21258716),Host Connected (LGR S/N: 21258716),Stopped (LGR S/N: 21258716),End Of File (LGR S/N: 21258716)
1,1/11/22 18:00,23.773,592,,,,,
2,1/11/22 18:10,23.773,215.3,,,,,
3,1/11/22 18:20,23.677,43.1,,,,,
4,1/11/22 18:30,23.677,0,,,,,
5,1/11/22 18:40,23.581,0,,,,,
6,1/11/22 18:50,23.484,0,,,,,
7,1/11/22 19:00,23.484,0,,,,,
8,1/11/22 19:10,23.388,0,,,,,
9,1/11/22 19:20,23.388,0,,,,,
10,1/11/22 19:30,23.292,0,,,,,
11,1/11/22 19:40,23.196,0,,,,,
12,1/11/22 19:50,23.1,0,,,,,
13,1/11/22 20:00,22.908,0,,,,,
14,1/11/22 20:10,22.812,0,,,,,
15,1/11/22 20:20,22.717,0,,,,,
16,1/11/22 20:30,22.717,0,,,,,
17,1/11/22 20:40,22.621,0,,,,,
18,1/11/22 20:50,22.429,0,,,,,
19,1/11/22 21:00,22.525,0,,,,,
20,1/11/22 21:10,22.525,0,,,,,
21,1/11/22 21:20,22.429,0,,,,,
22,1/11/22 21:30,22.525,0,,,,,
23,1/11/22 21:40,22.525,0,,,,,
24,1/11/22 21:50,22.525,0,,,,,
25,1/11/22 22:00,22.429,0,,,,,
26,1/11/22 22:10,22.621,0,,,,,
27,1/11/22 22:20,22.525,0,,,,,
28,1/11/22 22:30,22.525,0,,,,,
29,1/11/22 22:40,22.525,0,,,,,
30,1/11/22 22:50,22.429,0,,,,,
31,1/11/22 23:00,22.429,0,,,,,
32,1/11/22 23:10,22.525,0,,,,,
33,1/11/22 23:20,22.525,0,,,,,
34,1/11/22 23:30,22.429,0,,,,,
35,1/11/22 23:40,22.429,0,,,,,
36,1/11/22 23:50,22.429,0,,,,,
37,1/12/22 0:00,22.429,0,,,,,
38,1/12/22 0:10,22.429,0,,,,,
39,1/12/22 0:20,22.429,0,,,,,
40,1/12/22 0:30,22.429,0,,,,,
41,1/12/22 0:40,22.429,0,,,,,
42,1/12/22 0:50,22.429,0,,,,,
43,1/12/22 1:00,22.429,0,,,,,
44,1/12/22 1:10,22.429,0,,,,,
45,1/12/22 1:20,22.333,0,,,,,
46,1/12/22 1:30,22.333,0,,,,,
47,1/12/22 1:40,22.429,0,,,,,
48,1/12/22 1:50,22.429,0,,,,,
49,1/12/22 2:00,22.429,0,,,,,
50,1/12/22 2:10,22.429,0,,,,,
51,1/12/22 2:20,22.429,0,,,,,
52,1/12/22 2:30,22.429,0,,,,,
53,1/12/22 2:40,22.333,0,,,,,
54,1/12/22 2:50,22.333,0,,,,,
55,1/12/22 3:00,22.333,0,,,,,
56,1/12/22 3:10,22.333,0,,,,,
57,1/12/22 3:20,22.333,0,,,,,
58,1/12/22 3:30,22.333,0,,,,,
59,1/12/22 3:40,22.333,0,,,,,
60,1/12/22 3:50,22.333,0,,,,,
61,1/12/22 4:00,22.333,0,,,,,
62,1/12/22 4:10,22.429,0,,,,,
63,1/12/22 4:20,22.429,0,,,,,
64,1/12/22 4:30,22.429,0,,,,,
65,1/12/22 4:40,22.429,0,,,,,
66,1/12/22 4:50,22.429,0,,,,,
67,1/12/22 5:00,22.429,0,,,,,
68,1/12/22 5:10,22.429,0,,,,,
69,1/12/22 5:20,22.429,0,,,,,
70,1/12/22 5:30,22.429,0,,,,,
71,1/12/22 5:40,22.429,0,,,,,
72,1/12/22 5:50,22.429,0,,,,,
73,1/12/22 6:00,22.429,43.1,,,,,
74,1/12/22 6:10,22.429,269.1,,,,,
75,1/12/22 6:20,22.333,775,,,,,
76,1/12/22 6:30,22.333,1463.9,,,,,
77,1/12/22 6:40,22.333,3100,,,,,
78,1/12/22 6:50,22.333,5166.7,,,,,
79,1/12/22 7:00,22.333,5511.1,,,,,
80,1/12/22 7:10,22.525,11022.3,,,,,
81,1/12/22 7:20,22.621,19289,,,,,
82,1/12/22 7:30,22.717,23422.4,,,,,
83,1/12/22 7:40,22.812,22044.6,,,,,
84,1/12/22 7:50,22.812,17911.2,,,,,
85,1/12/22 8:00,22.908,28933.5,,,,,
86,1/12/22 8:10,23.004,24800.2,,,,,
87,1/12/22 8:20,23.1,44089.2,,,,,
88,1/12/22 8:30,23.004,18600.1,,,,,
89,1/12/22 8:40,23.388,38578,,,,,
90,1/12/22 8:50,23.484,30311.3,,,,,
91,1/12/22 9:00,23.581,30311.3,,,,,
92,1/12/22 9:10,23.581,24800.2,,,,,
93,1/12/22 9:20,23.484,79911.6,,,,,
94,1/12/22 9:30,23.484,57867,,,,,
95,1/12/22 9:40,23.196,22044.6,,,,,
96,1/12/22 9:50,23.388,37200.2,,,,,
97,1/12/22 10:00,23.581,31689.1,,,,,
98,1/12/22 10:10,23.292,26178,,,,,
99,1/12/22 10:20,23.581,34444.7,,,,,
100,1/12/22 10:30,23.484,30311.3,,,,,
101,1/12/22 10:40,23.966,49600.3,,,,,
102,1/12/22 10:50,23.869,38578,,,,,
103,1/12/22 11:00,24.062,41333.6,,,,,
104,1/12/22 11:10,23.677,28933.5,,,,,
105,1/12/22 11:20,23.484,7233.4,,,,,
106,1/12/22 11:30,23.196,8266.7,,,,,
107,1/12/22 11:40,23.773,44089.2,,,,,
108,1/12/22 11:50,23.677,20666.8,,,,,
109,1/12/22 12:00,24.062,12400.1,,,,,
110,1/12/22 12:10,24.158,17911.2,,,,,
111,1/12/22 12:20,23.966,13089,,,,,
112,1/12/22 12:30,23.869,11022.3,,,,,
113,1/12/22 12:40,23.869,9300.1,,,,,
114,1/12/22 12:50,23.869,11022.3,,,,,
115,1/12/22 13:00,23.869,8266.7,,,,,
116,1/12/22 13:10,23.773,9644.5,,,,,
117,1/12/22 13:20,23.677,7233.4,,,,,
118,1/12/22 13:30,23.677,9644.5,,,,,
119,1/12/22 13:40,23.773,8611.2,,,,,
120,1/12/22 13:50,23.677,9300.1,,,,,
121,1/12/22 14:00,23.677,8611.2,,,,,
122,1/12/22 14:10,23.581,7233.4,,,,,
123,1/12/22 14:20,23.581,6544.5,,,,,
124,1/12/22 14:30,23.388,6200,,,,,
125,1/12/22 14:40,23.388,5166.7,,,,,
126,1/12/22 14:50,23.388,6200,,,,,
127,1/12/22 15:00,23.388,6544.5,,,,,
128,1/12/22 15:10,23.388,6200,,,,,
129,1/12/22 15:20,23.292,5511.1,,,,,
130,1/12/22 15:30,23.292,5338.9,,,,,
131,1/12/22 15:40,23.292,4822.3,,,,,
132,1/12/22 15:50,23.292,4133.4,,,,,
133,1/12/22 16:00,23.292,4822.3,,,,,
134,1/12/22 16:10,23.388,3788.9,,,,,
135,1/12/22 16:20,23.292,3444.5,,,,,
136,1/12/22 16:30,23.388,2927.8,,,,,
137,1/12/22 16:40,23.388,2497.2,,,,,
138,1/12/22 16:50,23.484,2755.6,,,,,
139,1/12/22 17:00,23.388,2066.7,,,,,
140,1/12/22 17:10,23.388,1636.1,,,,,
141,1/12/22 17:20,23.292,1377.8,,,,,
142,1/12/22 17:30,23.292,1722.2,,,,,
143,1/12/22 17:40,23.292,1377.8,,,,,
144,1/12/22 17:50,23.292,742.7,,,,,
145,1/12/22 18:00,23.292,549,,,,,
146,1/12/22 18:10,23.196,226,,,,,
147,1/12/22 18:20,23.196,43.1,,,,,
148,1/12/22 18:30,23.196,0,,,,,
149,1/12/22 18:40,23.196,0,,,,,
150,1/12/22 18:50,23.196,0,,,,,
151,1/12/22 19:00,23.196,0,,,,,
152,1/12/22 19:10,23.196,0,,,,,
153,1/12/22 19:20,23.196,0,,,,,
154,1/12/22 19:30,23.196,0,,,,,
155,1/12/22 19:40,23.196,0,,,,,
156,1/12/22 19:50,23.196,0,,,,,
157,1/12/22 20:00,23.196,0,,,,,
158,1/12/22 20:10,23.196,0,,,,,
159,1/12/22 20:20,23.196,0,,,,,
160,1/12/22 20:30,23.196,0,,,,,
161,1/12/22 20:40,23.196,0,,,,,
162,1/12/22 20:50,23.196,0,,,,,
163,1/12/22 21:00,23.196,0,,,,,
164,1/12/22 21:10,23.196,0,,,,,
165,1/12/22 21:20,23.196,0,,,,,
166,1/12/22 21:30,23.196,0,,,,,
167,1/12/22 21:40,23.196,0,,,,,
168,1/12/22 21:50,23.196,0,,,,,
169,1/12/22 22:00,23.196,0,,,,,
170,1/12/22 22:10,23.196,0,,,,,
171,1/12/22 22:20,23.196,0,,,,,
172,1/12/22 22:30,23.1,0,,,,,
173,1/12/22 22:40,23.1,0,,,,,
174,1/12/22 22:50,23.1,0,,,,,
175,1/12/22 23:00,23.1,0,,,,,
176,1/12/22 23:10,23.1,0,,,,,
177,1/12/22 23:20,23.1,0,,,,,
178,1/12/22 23:30,23.1,0,,,,,
179,1/12/22 23:40,23.1,0,,,,,
180,1/12/22 23:50,23.004,0,,,,,
181,1/13/22 0:00,23.1,0,,,,,
182,1/13/22 0:10,23.1,0,,,,,
183,1/13/22 0:20,23.1,0,,,,,
184,1/13/22 0:30,23.1,0,,,,,
185,1/13/22 0:40,23.1,0,,,,,
186,1/13/22 0:50,23.004,0,,,,,
187,1/13/22 1:00,23.004,0,,,,,
188,1/13/22 1:10,23.004,0,,,,,
189,1/13/22 1:20,23.004,0,,,,,
190,1/13/22 1:30,23.004,0,,,,,
191,1/13/22 1:40,23.004,0,,,,,
192,1/13/22 1:50,23.004,0,,,,,
193,1/13/22 2:00,23.004,0,,,,,
194,1/13/22 2:10,23.004,0,,,,,
195,1/13/22 2:20,23.004,0,,,,,
196,1/13/22 2:30,23.004,0,,,,,
197,1/13/22 2:40,23.004,0,,,,,
198,1/13/22 2:50,23.004,0,,,,,
199,1/13/22 3:00,22.908,0,,,,,
200,1/13/22 3:10,22.908,0,,,,,
201,1/13/22 3:20,23.004,0,,,,,
202,1/13/22 3:30,22.908,0,,,,,
203,1/13/22 3:40,22.908,0,,,,,
204,1/13/22 3:50,22.908,0,,,,,
205,1/13/22 4:00,22.908,0,,,,,
206,1/13/22 4:10,22.908,0,,,,,
207,1/13/22 4:20,23.004,0,,,,,
208,1/13/22 4:30,23.004,0,,,,,
209,1/13/22 4:40,23.004,0,,,,,
210,1/13/22 4:50,23.004,0,,,,,
211,1/13/22 5:00,23.004,0,,,,,
212,1/13/22 5:10,23.004,0,,,,,
213,1/13/22 5:20,23.004,0,,,,,
214,1/13/22 5:30,23.004,0,,,,,
215,1/13/22 5:40,23.004,0,,,,,
216,1/13/22 5:50,23.004,0,,,,,
217,1/13/22 6:00,23.004,21.5,,,,,
218,1/13/22 6:10,23.004,129.2,,,,,
219,1/13/22 6:20,23.004,258.3,,,,,
220,1/13/22 6:30,23.004,936.5,,,,,
221,1/13/22 6:40,23.004,1463.9,,,,,
222,1/13/22 6:50,23.004,1377.8,,,,,
223,1/13/22 7:00,23.004,1722.2,,,,,
224,1/13/22 7:10,23.004,2755.6,,,,,
225,1/13/22 7:20,23.004,2152.8,,,,,
226,1/13/22 7:30,23.1,6544.5,,,,,
227,1/13/22 7:40,23.196,10677.8,,,,,
228,1/13/22 7:50,23.292,17222.3,,,,,
229,1/13/22 8:00,23.292,9644.5,,,,,
230,1/13/22 8:10,23.388,12400.1,,,,,
231,1/13/22 8:20,23.484,15844.5,,,,,
232,1/13/22 8:30,23.773,30311.3,,,,,
233,1/13/22 8:40,23.869,31689.1,,,,,
234,1/13/22 8:50,23.869,33066.9,,,,,
235,1/13/22 9:00,23.966,28933.5,,,,,
236,1/13/22 9:10,24.062,52355.9,,,,,
237,1/13/22 9:20,24.158,33066.9,,,,,
238,1/13/22 9:30,24.255,33066.9,,,,,
239,1/13/22 9:40,24.351,44089.2,,,,,
240,1/13/22 9:50,24.255,22044.6,,,,,
241,1/13/22 10:00,23.966,27555.7,,,,,
242,1/13/22 10:10,24.448,38578,,,,,
243,1/13/22 10:20,24.545,41333.6,,,,,
244,1/13/22 10:30,24.545,31689.1,,,,,
245,1/13/22 10:40,24.545,39955.8,,,,,
246,1/13/22 10:50,24.641,66133.8,,,,,
247,1/13/22 11:00,24.738,82667.2,,,,,
248,1/13/22 11:10,24.641,52355.9,,,,,
249,1/13/22 11:20,24.545,14466.8,,,,,
250,1/13/22 11:30,24.738,37200.2,,,,,
251,1/13/22 11:40,24.931,38578,,,,,
252,1/13/22 11:50,24.835,82667.2,,,,,
253,1/13/22 12:00,24.835,60622.6,,,,,
254,1/13/22 12:10,24.835,31689.1,,,,,
255,1/13/22 12:20,24.738,41333.6,,,,,
256,1/13/22 12:30,24.738,79911.6,,,,,
257,1/13/22 12:40,24.738,24800.2,,,,,
258,1/13/22 12:50,24.641,39955.8,,,,,
259,1/13/22 13:00,24.545,24800.2,,,,,
260,1/13/22 13:10,24.545,22044.6,,,,,
261,1/13/22 13:20,24.545,14466.8,,,,,
262,1/13/22 13:30,24.448,15155.7,,,,,
263,1/13/22 13:40,24.545,10333.4,,,,,
264,1/13/22 13:50,24.545,11022.3,,,,,
265,1/13/22 14:00,24.545,9644.5,,,,,
266,1/13/22 14:10,24.641,7233.4,,,,,
267,1/13/22 14:20,24.641,6200,,,,,
268,1/13/22 14:30,24.641,5166.7,,,,,
269,1/13/22 14:40,24.641,5511.1,,,,,
270,1/13/22 14:50,24.738,5166.7,,,,,
271,1/13/22 15:00,24.835,6200,,,,,
272,1/13/22 15:10,24.835,6200,,,,,
273,1/13/22 15:20,24.835,5338.9,,,,,
274,1/13/22 15:30,24.738,4994.5,,,,,
275,1/13/22 15:40,24.738,3444.5,,,,,
276,1/13/22 15:50,24.835,3616.7,,,,,
277,1/13/22 16:00,24.931,3788.9,,,,,
278,1/13/22 16:10,24.931,3788.9,,,,,
279,1/13/22 16:20,24.835,4133.4,,,,,
280,1/13/22 16:30,24.835,3788.9,,,,,
281,1/13/22 16:40,24.835,2669.5,,,,,
282,1/13/22 16:50,24.835,2669.5,,,,,
283,1/13/22 17:00,24.738,2497.2,,,,,
284,1/13/22 17:10,24.738,2238.9,,,,,
285,1/13/22 17:20,24.738,2238.9,,,,,
286,1/13/22 17:30,24.641,1894.5,,,,,
287,1/13/22 17:40,24.641,1463.9,,,,,
288,1/13/22 17:50,24.641,914.9,,,,,
289,1/13/22 18:00,24.545,538.2,,,,,
290,1/13/22 18:10,24.545,269.1,,,,,
291,1/13/22 18:20,24.448,75.3,,,,,
292,1/13/22 18:30,24.351,0,,,,,
293,1/13/22 18:40,24.448,0,,,,,
294,1/13/22 18:50,24.448,0,,,,,
295,1/13/22 19:00,24.351,0,,,,,
296,1/13/22 19:10,24.351,0,,,,,
297,1/13/22 19:20,24.351,0,,,,,
298,1/13/22 19:30,24.351,0,,,,,
299,1/13/22 19:40,24.351,0,,,,,
300,1/13/22 19:50,24.255,0,,,,,
301,1/13/22 20:00,24.351,0,,,,,
302,1/13/22 20:10,24.255,0,,,,,
303,1/13/22 20:20,24.158,0,,,,,
304,1/13/22 20:30,24.158,0,,,,,
305,1/13/22 20:40,24.255,0,,,,,
306,1/13/22 20:50,24.158,0,,,,,
307,1/13/22 21:00,24.158,0,,,,,
308,1/13/22 21:10,24.062,0,,,,,
309,1/13/22 21:20,24.062,0,,,,,
310,1/13/22 21:30,24.062,0,,,,,
311,1/13/22 21:40,24.062,0,,,,,
312,1/13/22 21:50,23.966,0,,,,,
313,1/13/22 22:00,24.062,0,,,,,
314,1/13/22 22:10,23.966,0,,,,,
315,1/13/22 22:20,23.966,0,,,,,
316,1/13/22 22:30,23.966,0,,,,,
317,1/13/22 22:40,23.773,0,,,,,
318,1/13/22 22:50,23.773,0,,,,,
319,1/13/22 23:00,23.773,0,,,,,
320,1/13/22 23:10,23.677,0,,,,,
321,1/13/22 23:20,23.677,0,,,,,
322,1/13/22 23:30,23.677,0,,,,,
323,1/13/22 23:40,23.677,0,,,,,
324,1/13/22 23:50,23.677,0,,,,,
325,1/14/22 0:00,23.677,0,,,,,
326,1/14/22 0:10,23.677,0,,,,,
327,1/14/22 0:20,23.677,0,,,,,
328,1/14/22 0:30,23.677,0,,,,,
329,1/14/22 0:40,23.484,0,,,,,
330,1/14/22 0:50,23.484,0,,,,,
331,1/14/22 1:00,23.484,0,,,,,
332,1/14/22 1:10,23.484,0,,,,,
333,1/14/22 1:20,23.484,0,,,,,
334,1/14/22 1:30,23.484,0,,,,,
335,1/14/22 1:40,23.484,0,,,,,
336,1/14/22 1:50,23.484,0,,,,,
337,1/14/22 2:00,23.484,0,,,,,
338,1/14/22 2:10,23.484,0,,,,,
339,1/14/22 2:20,23.484,0,,,,,
340,1/14/22 2:30,23.484,0,,,,,
341,1/14/22 2:40,23.484,0,,,,,
342,1/14/22 2:50,23.484,0,,,,,
343,1/14/22 3:00,23.484,0,,,,,
344,1/14/22 3:10,23.484,0,,,,,
345,1/14/22 3:20,23.388,0,,,,,
346,1/14/22 3:30,23.388,0,,,,,
347,1/14/22 3:40,23.388,0,,,,,
348,1/14/22 3:50,23.388,0,,,,,
349,1/14/22 4:00,23.388,0,,,,,
350,1/14/22 4:10,23.388,0,,,,,
351,1/14/22 4:20,23.388,0,,,,,
352,1/14/22 4:30,23.388,0,,,,,
353,1/14/22 4:40,23.388,0,,,,,
354,1/14/22 4:50,23.388,0,,,,,
355,1/14/22 5:00,23.388,0,,,,,
356,1/14/22 5:10,23.388,0,,,,,
357,1/14/22 5:20,23.388,0,,,,,
358,1/14/22 5:30,23.388,0,,,,,
359,1/14/22 5:40,23.388,0,,,,,
360,1/14/22 5:50,23.388,0,,,,,
361,1/14/22 6:00,23.388,32.3,,,,,
362,1/14/22 6:10,23.388,172.2,,,,,
363,1/14/22 6:20,23.388,409,,,,,
364,1/14/22 6:30,23.388,796.5,,,,,
365,1/14/22 6:40,23.484,1377.8,,,,,
366,1/14/22 6:50,23.484,1237.9,,,,,
367,1/14/22 7:00,23.484,1980.6,,,,,
368,1/14/22 7:10,23.484,4133.4,,,,,
369,1/14/22 7:20,23.581,6544.5,,,,,
370,1/14/22 7:30,23.773,13089,,,,,
371,1/14/22 7:40,23.677,9300.1,,,,,
372,1/14/22 7:50,23.581,6544.5,,,,,
373,1/14/22 8:00,23.677,9644.5,,,,,
374,1/14/22 8:10,23.869,22044.6,,,,,
375,1/14/22 8:20,24.062,30311.3,,,,,
376,1/14/22 8:30,23.869,13089,,,,,
377,1/14/22 8:40,23.773,14466.8,,,,,
378,1/14/22 8:50,23.869,15844.5,,,,,
379,1/14/22 9:00,23.966,17911.2,,,,,
380,1/14/22 9:10,23.966,16533.4,,,,,
381,1/14/22 9:20,24.062,24800.2,,,,,
382,1/14/22 9:30,24.158,38578,,,,,
383,1/14/22 9:40,24.545,34444.7,,,,,
384,1/14/22 9:50,24.545,35822.5,,,,,
385,1/14/22 10:00,24.641,34444.7,,,,,
386,1/14/22 10:10,24.738,176356.7,,,,,
387,1/14/22 10:20,24.641,52355.9,,,,,
388,1/14/22 10:30,24.738,33066.9,,,,,
389,1/14/22 10:40,24.738,39955.8,,,,,
390,1/14/22 10:50,24.738,41333.6,,,,,
391,1/14/22 11:00,24.738,57867,,,,,
392,1/14/22 11:10,24.738,42711.4,,,,,
393,1/14/22 11:20,24.738,55111.5,,,,,
394,1/14/22 11:30,24.738,42711.4,,,,,
395,1/14/22 11:40,24.835,31689.1,,,,,
396,1/14/22 11:50,24.835,42711.4,,,,,
397,1/14/22 12:00,24.738,34444.7,,,,,
398,1/14/22 12:10,24.641,37200.2,,,,,
399,1/14/22 12:20,24.545,23422.4,,,,,
400,1/14/22 12:30,24.545,41333.6,,,,,
401,1/14/22 12:40,24.641,24800.2,,,,,
402,1/14/22 12:50,24.545,30311.3,,,,,
403,1/14/22 13:00,24.448,19289,,,,,
404,1/14/22 13:10,24.545,24800.2,,,,,
405,1/14/22 13:20,24.545,15155.7,,,,,
406,1/14/22 13:30,24.545,11711.2,,,,,
407,1/14/22 13:40,24.545,13089,,,,,
408,1/14/22 13:50,24.545,12400.1,,,,,
409,1/14/22 14:00,24.545,9300.1,,,,,
410,1/14/22 14:10,24.545,9300.1,,,,,
411,1/14/22 14:20,24.641,6544.5,,,,,
412,1/14/22 14:30,24.641,6544.5,,,,,
413,1/14/22 14:40,24.641,5166.7,,,,,
414,1/14/22 14:50,24.641,4994.5,,,,,
415,1/14/22 15:00,24.738,4650,,,,,
416,1/14/22 15:10,24.738,4994.5,,,,,
417,1/14/22 15:20,24.738,4133.4,,,,,
418,1/14/22 15:30,24.738,3788.9,,,,,
419,1/14/22 15:40,24.738,3616.7,,,,,
420,1/14/22 15:50,24.738,3616.7,,,,,
421,1/14/22 16:00,24.738,3272.2,,,,,
422,1/14/22 16:10,24.738,3100,,,,,
423,1/14/22 16:20,24.641,2238.9,,,,,
424,1/14/22 16:30,24.545,2066.7,,,,,
425,1/14/22 16:40,24.545,1980.6,,,,,
426,1/14/22 16:50,24.545,1808.3,,,,,
427,1/14/22 17:00,24.448,1636.1,,,,,
428,1/14/22 17:10,24.448,1463.9,,,,,
429,1/14/22 17:20,24.351,1377.8,,,,,
430,1/14/22 17:30,24.351,1313.2,,,,,
431,1/14/22 17:40,24.351,1270.1,,,,,
432,1/14/22 17:50,24.255,785.8,,,,,
433,1/14/22 18:00,24.255,495.1,,,,,
434,1/14/22 18:10,24.255,247.6,,,,,
435,1/14/22 18:20,24.255,64.6,,,,,
436,1/14/22 18:30,24.255,0,,,,,
437,1/14/22 18:40,24.255,0,,,,,
438,1/14/22 18:50,24.255,0,,,,,
439,1/14/22 19:00,24.255,0,,,,,
440,1/14/22 19:10,24.255,0,,,,,
441,1/14/22 19:20,24.255,0,,,,,
442,1/14/22 19:30,24.158,0,,,,,
443,1/14/22 19:40,24.158,0,,,,,
444,1/14/22 19:50,24.158,0,,,,,
445,1/14/22 20:00,24.158,0,,,,,
446,1/14/22 20:10,24.158,0,,,,,
447,1/14/22 20:20,24.158,0,,,,,
448,1/14/22 20:30,24.158,0,,,,,
449,1/14/22 20:40,24.062,0,,,,,
450,1/14/22 20:50,24.062,0,,,,,
451,1/14/22 21:00,23.869,0,,,,,
452,1/14/22 21:10,23.869,0,,,,,
453,1/14/22 21:20,23.773,0,,,,,
454,1/14/22 21:30,23.773,0,,,,,
455,1/14/22 21:40,23.677,0,,,,,
456,1/14/22 21:50,23.581,0,,,,,
457,1/14/22 22:00,23.581,0,,,,,
458,1/14/22 22:10,23.581,0,,,,,
459,1/14/22 22:20,23.581,0,,,,,
460,1/14/22 22:30,23.581,0,,,,,
461,1/14/22 22:40,23.581,0,,,,,
462,1/14/22 22:50,23.581,0,,,,,
463,1/14/22 23:00,23.581,0,,,,,
464,1/14/22 23:10,23.581,0,,,,,
465,1/14/22 23:20,23.581,0,,,,,
466,1/14/22 23:30,23.581,0,,,,,
467,1/14/22 23:40,23.581,0,,,,,
468,1/14/22 23:50,23.581,0,,,,,
469,1/15/22 0:00,23.581,0,,,,,
470,1/15/22 0:10,23.581,0,,,,,
471,1/15/22 0:20,23.581,0,,,,,
472,1/15/22 0:30,23.581,0,,,,,
473,1/15/22 0:40,23.484,0,,,,,
474,1/15/22 0:50,23.581,0,,,,,
475,1/15/22 1:00,23.484,0,,,,,
476,1/15/22 1:10,23.484,0,,,,,
477,1/15/22 1:20,23.484,0,,,,,
478,1/15/22 1:30,23.484,0,,,,,
479,1/15/22 1:40,23.581,0,,,,,
480,1/15/22 1:50,23.484,0,,,,,
481,1/15/22 2:00,23.484,0,,,,,
482,1/15/22 2:10,23.581,0,,,,,
483,1/15/22 2:20,23.484,0,,,,,
484,1/15/22 2:30,23.484,0,,,,,
485,1/15/22 2:40,23.484,0,,,,,
486,1/15/22 2:50,23.484,0,,,,,
487,1/15/22 3:00,23.484,0,,,,,
488,1/15/22 3:10,23.484,0,,,,,
489,1/15/22 3:20,23.484,0,,,,,
490,1/15/22 3:30,23.484,0,,,,,
491,1/15/22 3:40,23.484,0,,,,,
492,1/15/22 3:50,23.484,0,,,,,
493,1/15/22 4:00,23.484,0,,,,,
494,1/15/22 4:10,23.484,0,,,,,
495,1/15/22 4:20,23.484,0,,,,,
496,1/15/22 4:30,23.484,0,,,,,
497,1/15/22 4:40,23.484,0,,,,,
498,1/15/22 4:50,23.484,0,,,,,
499,1/15/22 5:00,23.484,0,,,,,
500,1/15/22 5:10,23.484,0,,,,,
501,1/15/22 5:20,23.484,0,,,,,
502,1/15/22 5:30,23.484,0,,,,,
503,1/15/22 5:40,23.484,0,,,,,
504,1/15/22 5:50,23.388,0,,,,,
505,1/15/22 6:00,23.388,0,,,,,
506,1/15/22 6:10,23.484,64.6,,,,,
507,1/15/22 6:20,23.388,215.3,,,,,
508,1/15/22 6:30,23.484,333.7,,,,,
509,1/15/22 6:40,23.484,1237.9,,,,,
510,1/15/22 6:50,23.484,1636.1,,,,,
511,1/15/22 7:00,23.484,1722.2,,,,,
512,1/15/22 7:10,23.484,2238.9,,,,,
513,1/15/22 7:20,23.484,2927.8,,,,,
514,1/15/22 7:30,23.581,4477.8,,,,,
515,1/15/22 7:40,23.581,3616.7,,,,,
516,1/15/22 7:50,23.581,5511.1,,,,,
517,1/15/22 8:00,23.677,8266.7,,,,,
518,1/15/22 8:10,23.773,11711.2,,,,,
519,1/15/22 8:20,23.773,11022.3,,,,,
520,1/15/22 8:30,23.966,31689.1,,,,,
521,1/15/22 8:40,24.158,28933.5,,,,,
522,1/15/22 8:50,24.255,28933.5,,,,,
523,1/15/22 9:00,24.448,34444.7,,,,,
524,1/15/22 9:10,24.448,28933.5,,,,,
525,1/15/22 9:20,24.738,46844.8,,,,,
526,1/15/22 9:30,24.351,17911.2,,,,,
527,1/15/22 9:40,24.158,18600.1,,,,,
528,1/15/22 9:50,24.062,12400.1,,,,,
529,1/15/22 10:00,24.062,12400.1,,,,,
530,1/15/22 10:10,24.158,16533.4,,,,,
531,1/15/22 10:20,24.351,44089.2,,,,,
532,1/15/22 10:30,24.641,71644.9,,,,,
533,1/15/22 10:40,24.351,16533.4,,,,,
534,1/15/22 10:50,24.351,20666.8,,,,,
535,1/15/22 11:00,24.448,18600.1,,,,,
536,1/15/22 11:10,24.448,24800.2,,,,,
537,1/15/22 11:20,24.545,20666.8,,,,,
538,1/15/22 11:30,24.448,24800.2,,,,,
539,1/15/22 11:40,24.351,34444.7,,,,,
540,1/15/22 11:50,24.255,34444.7,,,,,
541,1/15/22 12:00,24.545,26178,,,,,
542,1/15/22 12:10,24.351,1194.8,,,,,
543,1/15/22 12:20,24.158,2497.2,,,,,
544,1/15/22 12:30,24.448,7577.8,,,,,
545,1/15/22 12:40,23.966,11711.2,,,,,
546,1/15/22 12:50,24.158,2152.8,,,,,
547,1/15/22 13:00,24.255,6544.5,,,,,
548,1/15/22 13:10,24.158,7233.4,,,,,
549,1/15/22 13:20,24.545,2927.8,,,,,
550,1/15/22 13:30,24.158,5166.7,,,,,
551,1/15/22 13:40,24.448,6544.5,,,,,
552,1/15/22 13:50,24.351,2152.8,,,,,
553,1/15/22 14:00,24.545,2583.4,,,,,
554,1/15/22 14:10,24.351,5166.7,,,,,
555,1/15/22 14:20,24.351,4133.4,,,,,
556,1/15/22 14:30,24.351,4305.6,,,,,
557,1/15/22 14:40,24.545,3444.5,,,,,
558,1/15/22 14:50,24.545,4133.4,,,,,
559,1/15/22 15:00,24.545,3272.2,,,,,
560,1/15/22 15:10,24.448,2497.2,,,,,
561,1/15/22 15:20,24.448,2497.2,,,,,
562,1/15/22 15:30,24.448,1894.5,,,,,
563,1/15/22 15:40,24.351,2238.9,,,,,
564,1/15/22 15:50,24.448,2411.1,,,,,
565,1/15/22 16:00,24.351,1550,,,,,
566,1/15/22 16:10,24.351,753.5,,,,,
567,1/15/22 16:20,24.351,538.2,,,,,
568,1/15/22 16:30,24.255,947.2,,,,,
569,1/15/22 16:40,24.351,1280.9,,,,,
570,1/15/22 16:50,24.062,1550,,,,,
571,1/15/22 17:00,24.255,1463.9,,,,,
572,1/15/22 17:10,23.966,1141,,,,,
573,1/15/22 17:20,24.158,247.6,,,,,
574,1/15/22 17:30,24.255,215.3,,,,,
575,1/15/22 17:40,24.255,150.7,,,,,
576,1/15/22 17:50,24.158,75.3,,,,,
577,1/15/22 18:00,24.158,32.3,,,,,
578,1/15/22 18:10,24.158,10.8,,,,,
579,1/15/22 18:20,24.062,0,,,,,
580,1/15/22 18:30,23.966,0,,,,,
581,1/15/22 18:40,23.966,0,,,,,
582,1/15/22 18:50,24.062,0,,,,,
583,1/15/22 19:00,24.062,0,,,,,
584,1/15/22 19:10,24.062,0,,,,,
585,1/15/22 19:20,24.062,0,,,,,
586,1/15/22 19:30,24.062,0,,,,,
587,1/15/22 19:40,24.062,0,,,,,
588,1/15/22 19:50,24.158,0,,,,,
589,1/15/22 20:00,24.062,0,,,,,
590,1/15/22 20:10,24.158,0,,,,,
591,1/15/22 20:20,24.158,0,,,,,
592,1/15/22 20:30,23.966,0,,,,,
593,1/15/22 20:40,23.869,0,,,,,
594,1/15/22 20:50,24.062,0,,,,,
595,1/15/22 21:00,23.966,0,,,,,
596,1/15/22 21:10,23.869,0,,,,,
597,1/15/22 21:20,24.062,0,,,,,
598,1/15/22 21:30,24.158,0,,,,,
599,1/15/22 21:40,23.966,0,,,,,
600,1/15/22 21:50,24.158,0,,,,,
601,1/15/22 22:00,24.062,0,,,,,
602,1/15/22 22:10,23.966,0,,,,,
603,1/15/22 22:20,24.062,0,,,,,
604,1/15/22 22:30,24.062,0,,,,,
605,1/15/22 22:40,23.677,0,,,,,
606,1/15/22 22:50,23.869,0,,,,,
607,1/15/22 23:00,23.966,0,,,,,
608,1/15/22 23:10,23.966,0,,,,,
609,1/15/22 23:20,23.773,0,,,,,
610,1/15/22 23:30,23.869,0,,,,,
611,1/15/22 23:40,23.484,0,,,,,
612,1/15/22 23:50,23.677,0,,,,,
613,1/16/22 0:00,23.581,0,,,,,
614,1/16/22 0:10,23.581,0,,,,,
615,1/16/22 0:20,23.677,0,,,,,
616,1/16/22 0:30,23.677,0,,,,,
617,1/16/22 0:40,23.581,0,,,,,
618,1/16/22 0:50,23.388,0,,,,,
619,1/16/22 1:00,23.484,0,,,,,
620,1/16/22 1:10,23.388,0,,,,,
621,1/16/22 1:20,23.292,0,,,,,
622,1/16/22 1:30,23.292,0,,,,,
623,1/16/22 1:40,23.292,0,,,,,
624,1/16/22 1:50,23.196,0,,,,,
625,1/16/22 2:00,23.388,0,,,,,
626,1/16/22 2:10,23.388,0,,,,,
627,1/16/22 2:20,23.388,0,,,,,
628,1/16/22 2:30,23.292,0,,,,,
629,1/16/22 2:40,23.388,0,,,,,
630,1/16/22 2:50,23.292,0,,,,,
631,1/16/22 3:00,23.292,0,,,,,
632,1/16/22 3:10,23.292,0,,,,,
633,1/16/22 3:20,23.292,0,,,,,
634,1/16/22 3:30,23.292,0,,,,,
635,1/16/22 3:40,23.292,0,,,,,
636,1/16/22 3:50,23.292,0,,,,,
637,1/16/22 4:00,23.292,0,,,,,
638,1/16/22 4:10,23.292,0,,,,,
639,1/16/22 4:20,23.292,0,,,,,
640,1/16/22 4:30,23.292,0,,,,,
641,1/16/22 4:40,23.292,0,,,,,
642,1/16/22 4:50,23.292,0,,,,,
643,1/16/22 5:00,23.292,0,,,,,
644,1/16/22 5:10,23.292,0,,,,,
645,1/16/22 5:20,23.292,0,,,,,
646,1/16/22 5:30,23.292,0,,,,,
647,1/16/22 5:40,23.292,0,,,,,
648,1/16/22 5:50,23.292,0,,,,,
649,1/16/22 6:00,23.292,53.8,,,,,
650,1/16/22 6:10,23.292,204.5,,,,,
651,1/16/22 6:20,23.292,75.3,,,,,
652,1/16/22 6:30,23.292,75.3,,,,,
653,1/16/22 6:40,23.292,118.4,,,,,
654,1/16/22 6:50,23.292,118.4,,,,,
655,1/16/22 7:00,23.388,818.1,,,,,
656,1/16/22 7:10,23.388,1463.9,,,,,
657,1/16/22 7:20,23.484,1722.2,,,,,
658,1/16/22 7:30,23.773,4822.3,,,,,
659,1/16/22 7:40,23.869,742.7,,,,,
660,1/16/22 7:50,23.966,828.8,,,,,
661,1/16/22 8:00,24.158,936.5,,,,,
662,1/16/22 8:10,24.545,1356.3,,,,,
663,1/16/22 8:20,24.158,775,,,,,
664,1/16/22 8:30,24.641,968.8,,,,,
665,1/16/22 8:40,24.158,516.7,,,,,
666,1/16/22 8:50,24.062,559.7,,,,,
667,1/16/22 9:00,24.158,581.3,,,,,
668,1/16/22 9:10,24.255,656.6,,,,,
669,1/16/22 9:20,24.351,667.4,,,,,
670,1/16/22 9:30,24.255,592,,,,,
671,1/16/22 9:40,24.545,807.3,,,,,
672,1/16/22 9:50,24.545,839.6,,,,,
673,1/16/22 10:00,24.835,1065.6,,,,,
674,1/16/22 10:10,24.641,796.5,,,,,
675,1/16/22 10:20,24.738,958,,,,,
676,1/16/22 10:30,24.351,688.9,,,,,
677,1/16/22 10:40,24.545,753.5,,,,,
678,1/16/22 10:50,24.351,592,,,,,
679,1/16/22 11:00,24.255,559.7,,,,,
680,1/16/22 11:10,24.351,527.4,,,,,
681,1/16/22 11:20,24.545,742.7,,,,,
682,1/16/22 11:30,24.641,1065.6,,,,,
683,1/16/22 11:40,24.738,1033.3,,,,,
684,1/16/22 11:50,24.738,882.6,,,,,
685,1/16/22 12:00,24.641,1076.4,,,,,
686,1/16/22 12:10,24.545,1044.1,,,,,
687,1/16/22 12:20,24.351,667.4,,,,,
688,1/16/22 12:30,24.351,710.4,,,,,
689,1/16/22 12:40,24.062,549,,,,,
690,1/16/22 12:50,24.351,7233.4,,,,,
691,1/16/22 13:00,24.062,7233.4,,,,,
692,1/16/22 13:10,24.158,5166.7,,,,,
693,1/16/22 13:20,24.448,9300.1,,,,,
694,1/16/22 13:30,24.062,3100,,,,,
695,1/16/22 13:40,23.869,4305.6,,,,,
696,1/16/22 13:50,24.062,4477.8,,,,,
697,1/16/22 14:00,23.966,4477.8,,,,,
698,1/16/22 14:10,23.869,3616.7,,,,,
699,1/16/22 14:20,23.966,3788.9,,,,,
700,1/16/22 14:30,23.869,2927.8,,,,,
701,1/16/22 14:40,23.869,1980.6,,,,,
702,1/16/22 14:50,23.869,2583.4,,,,,
703,1/16/22 15:00,23.966,2755.6,,,,,
704,1/16/22 15:10,24.062,2497.2,,,,,
705,1/16/22 15:20,23.966,2669.5,,,,,
706,1/16/22 15:30,23.966,2669.5,,,,,
707,1/16/22 15:40,23.966,2238.9,,,,,
708,1/16/22 15:50,23.966,2411.1,,,,,
709,1/16/22 16:00,23.966,2238.9,,,,,
710,1/16/22 16:10,23.966,1894.5,,,,,
711,1/16/22 16:20,23.966,1636.1,,,,,
712,1/16/22 16:30,24.062,850.4,,,,,
713,1/16/22 16:40,24.062,1345.5,,,,,
714,1/16/22 16:50,24.062,1194.8,,,,,
715,1/16/22 17:00,23.966,678.1,,,,,
716,1/16/22 17:10,23.966,904.2,,,,,
717,1/16/22 17:20,24.062,914.9,,,,,
718,1/16/22 17:30,23.966,742.7,,,,,
719,1/16/22 17:40,23.966,516.7,,,,,
720,1/16/22 17:50,23.966,333.7,,,,,
721,1/16/22 18:00,23.966,204.5,,,,,
722,1/16/22 18:10,23.966,86.1,,,,,
723,1/16/22 18:20,23.966,0,,,,,
724,1/16/22 18:30,23.966,0,,,,,
725,1/16/22 18:40,23.966,0,,,,,
726,1/16/22 18:50,23.966,0,,,,,
727,1/16/22 19:00,23.966,0,,,,,
728,1/16/22 19:10,23.966,0,,,,,
729,1/16/22 19:20,23.966,0,,,,,
730,1/16/22 19:30,23.966,0,,,,,
731,1/16/22 19:40,23.966,0,,,,,
732,1/16/22 19:50,23.966,0,,,,,
733,1/16/22 20:00,23.966,0,,,,,
734,1/16/22 20:10,23.869,0,,,,,
735,1/16/22 20:20,23.966,0,,,,,
736,1/16/22 20:30,23.966,0,,,,,
737,1/16/22 20:40,23.966,0,,,,,
738,1/16/22 20:50,23.966,0,,,,,
739,1/16/22 21:00,23.869,0,,,,,
740,1/16/22 21:10,23.869,0,,,,,
741,1/16/22 21:20,23.869,0,,,,,
742,1/16/22 21:30,23.869,0,,,,,
743,1/16/22 21:40,23.869,0,,,,,
744,1/16/22 21:50,23.869,0,,,,,
745,1/16/22 22:00,23.773,0,,,,,
746,1/16/22 22:10,23.869,0,,,,,
747,1/16/22 22:20,23.773,0,,,,,
748,1/16/22 22:30,23.773,0,,,,,
749,1/16/22 22:40,23.773,0,,,,,
750,1/16/22 22:50,23.677,0,,,,,
751,1/16/22 23:00,23.677,0,,,,,
752,1/16/22 23:10,23.677,0,,,,,
753,1/16/22 23:20,23.677,0,,,,,
754,1/16/22 23:30,23.677,0,,,,,
755,1/16/22 23:40,23.581,0,,,,,
756,1/16/22 23:50,23.581,0,,,,,
757,1/17/22 0:00,23.581,0,,,,,
758,1/17/22 0:10,23.581,0,,,,,
759,1/17/22 0:20,23.581,0,,,,,
760,1/17/22 0:30,23.581,0,,,,,
761,1/17/22 0:40,23.581,0,,,,,
762,1/17/22 0:50,23.581,0,,,,,
763,1/17/22 1:00,23.581,0,,,,,
764,1/17/22 1:10,23.581,0,,,,,
765,1/17/22 1:20,23.677,0,,,,,
766,1/17/22 1:30,23.581,0,,,,,
767,1/17/22 1:40,23.677,0,,,,,
768,1/17/22 1:50,23.677,0,,,,,
769,1/17/22 2:00,23.677,0,,,,,
770,1/17/22 2:10,23.677,0,,,,,
771,1/17/22 2:20,23.677,0,,,,,
772,1/17/22 2:30,23.677,0,,,,,
773,1/17/22 2:40,23.581,0,,,,,
774,1/17/22 2:50,23.581,0,,,,,
775,1/17/22 3:00,23.581,0,,,,,
776,1/17/22 3:10,23.581,0,,,,,
777,1/17/22 3:20,23.581,0,,,,,
778,1/17/22 3:30,23.581,0,,,,,
779,1/17/22 3:40,23.581,0,,,,,
780,1/17/22 3:50,23.581,0,,,,,
781,1/17/22 4:00,23.581,0,,,,,
782,1/17/22 4:10,23.581,0,,,,,
783,1/17/22 4:20,23.581,0,,,,,
784,1/17/22 4:30,23.581,0,,,,,
785,1/17/22 4:40,23.581,0,,,,,
786,1/17/22 4:50,23.581,0,,,,,
787,1/17/22 5:00,23.581,0,,,,,
788,1/17/22 5:10,23.581,0,,,,,
789,1/17/22 5:20,23.581,0,,,,,
790,1/17/22 5:30,23.581,0,,,,,
791,1/17/22 5:40,23.581,0,,,,,
792,1/17/22 5:50,23.581,0,,,,,
793,1/17/22 6:00,23.581,0,,,,,
794,1/17/22 6:10,23.581,86.1,,,,,
795,1/17/22 6:20,23.581,355.2,,,,,
796,1/17/22 6:30,23.581,430.6,,,,,
797,1/17/22 6:40,23.581,775,,,,,
798,1/17/22 6:50,23.581,2669.5,,,,,
799,1/17/22 7:00,23.581,3100,,,,,
800,1/17/22 7:10,23.677,6544.5,,,,,
801,1/17/22 7:20,23.677,1550,,,,,
802,1/17/22 7:30,23.677,2411.1,,,,,
803,1/17/22 7:40,23.677,6544.5,,,,,
804,1/17/22 7:50,23.869,11711.2,,,,,
805,1/17/22 8:00,23.677,3100,,,,,
806,1/17/22 8:10,23.773,5511.1,,,,,
807,1/17/22 8:20,23.773,5166.7,,,,,
808,1/17/22 8:30,24.158,6544.5,,,,,
809,1/17/22 8:40,24.351,21355.7,,,,,
810,1/17/22 8:50,24.351,41333.6,,,,,
811,1/17/22 9:00,24.641,30311.3,,,,,
812,1/17/22 9:10,24.641,21355.7,,,,,
813,1/17/22 9:20,24.641,38578,,,,,
814,1/17/22 9:30,24.835,38578,,,,,
815,1/17/22 9:40,24.931,23422.4,,,,,
816,1/17/22 9:50,25.028,30311.3,,,,,
817,1/17/22 10:00,25.125,24800.2,,,,,
818,1/17/22 10:10,25.222,26178,,,,,
819,1/17/22 10:20,25.319,27555.7,,,,,
820,1/17/22 10:30,25.125,28933.5,,,,,
821,1/17/22 10:40,25.222,23422.4,,,,,
822,1/17/22 10:50,24.931,15844.5,,,,,
823,1/17/22 11:00,25.125,28933.5,,,,,
824,1/17/22 11:10,25.222,13777.9,,,,,
825,1/17/22 11:20,25.028,13777.9,,,,,
826,1/17/22 11:30,24.931,12400.1,,,,,
827,1/17/22 11:40,25.319,16533.4,,,,,
828,1/17/22 11:50,25.222,14466.8,,,,,
829,1/17/22 12:00,25.125,18600.1,,,,,
830,1/17/22 12:10,25.222,11022.3,,,,,
831,1/17/22 12:20,25.125,11711.2,,,,,
832,1/17/22 12:30,24.931,8611.2,,,,,
833,1/17/22 12:40,24.931,10677.8,,,,,
834,1/17/22 12:50,25.125,13777.9,,,,,
835,1/17/22 13:00,25.125,8611.2,,,,,
836,1/17/22 13:10,24.835,4994.5,,,,,
837,1/17/22 13:20,24.931,7233.4,,,,,
838,1/17/22 13:30,25.028,7233.4,,,,,
839,1/17/22 13:40,24.641,4133.4,,,,,
840,1/17/22 13:50,24.835,4477.8,,,,,
841,1/17/22 14:00,24.835,4650,,,,,
842,1/17/22 14:10,24.641,3616.7,,,,,
843,1/17/22 14:20,24.738,3961.1,,,,,
844,1/17/22 14:30,24.738,2411.1,,,,,
845,1/17/22 14:40,24.641,2669.5,,,,,
846,1/17/22 14:50,24.641,2411.1,,,,,
847,1/17/22 15:00,24.835,2497.2,,,,,
848,1/17/22 15:10,24.545,2325,,,,,
849,1/17/22 15:20,24.738,1980.6,,,,,
850,1/17/22 15:30,24.545,1162.5,,,,,
851,1/17/22 15:40,24.641,1377.8,,,,,
852,1/17/22 15:50,24.641,1550,,,,,
853,1/17/22 16:00,24.545,1151.7,,,,,
854,1/17/22 16:10,24.351,1463.9,,,,,
855,1/17/22 16:20,24.448,1636.1,,,,,
856,1/17/22 16:30,24.545,1377.8,,,,,
857,1/17/22 16:40,24.448,1205.6,,,,,
858,1/17/22 16:50,24.448,796.5,,,,,
859,1/17/22 17:00,24.351,839.6,,,,,
860,1/17/22 17:10,24.351,645.8,,,,,
861,1/17/22 17:20,24.351,430.6,,,,,
862,1/17/22 17:30,24.351,322.9,,,,,
863,1/17/22 17:40,24.351,258.3,,,,,
864,1/17/22 17:50,24.351,75.3,,,,,
865,1/17/22 18:00,24.351,21.5,,,,,
866,1/17/22 18:10,24.351,32.3,,,,,
867,1/17/22 18:20,24.351,0,,,,,
868,1/17/22 18:30,24.351,0,,,,,
869,1/17/22 18:40,24.351,0,,,,,
870,1/17/22 18:50,24.448,0,,,,,
871,1/17/22 19:00,24.351,0,,,,,
872,1/17/22 19:10,24.448,0,,,,,
873,1/17/22 19:20,24.448,0,,,,,
874,1/17/22 19:30,24.448,0,,,,,
875,1/17/22 19:40,24.448,0,,,,,
876,1/17/22 19:50,24.448,0,,,,,
877,1/17/22 20:00,24.448,0,,,,,
878,1/17/22 20:10,24.448,0,,,,,
879,1/17/22 20:20,24.448,0,,,,,
880,1/17/22 20:30,24.448,0,,,,,
881,1/17/22 20:40,24.448,0,,,,,
882,1/17/22 20:50,24.448,0,,,,,
883,1/17/22 21:00,24.448,0,,,,,
884,1/17/22 21:10,24.448,0,,,,,
885,1/17/22 21:20,24.448,0,,,,,
886,1/17/22 21:30,24.448,0,,,,,
887,1/17/22 21:40,24.448,0,,,,,
888,1/17/22 21:50,24.448,0,,,,,
889,1/17/22 22:00,24.351,0,,,,,
890,1/17/22 22:10,24.351,0,,,,,
891,1/17/22 22:20,24.351,0,,,,,
892,1/17/22 22:30,24.351,0,,,,,
893,1/17/22 22:40,24.351,0,,,,,
894,1/17/22 22:50,24.255,0,,,,,
895,1/17/22 23:00,24.255,0,,,,,
896,1/17/22 23:10,24.158,0,,,,,
897,1/17/22 23:20,24.158,0,,,,,
898,1/17/22 23:30,24.158,0,,,,,
899,1/17/22 23:40,24.062,0,,,,,
900,1/17/22 23:50,24.062,0,,,,,
901,1/18/22 0:00,24.062,0,,,,,
902,1/18/22 0:10,24.062,0,,,,,
903,1/18/22 0:20,24.062,0,,,,,
904,1/18/22 0:30,24.062,0,,,,,
905,1/18/22 0:40,24.062,0,,,,,
906,1/18/22 0:50,23.966,0,,,,,
907,1/18/22 1:00,23.966,0,,,,,
908,1/18/22 1:10,23.966,0,,,,,
909,1/18/22 1:20,23.966,0,,,,,
910,1/18/22 1:30,23.966,0,,,,,
911,1/18/22 1:40,23.966,0,,,,,
912,1/18/22 1:50,23.966,0,,,,,
913,1/18/22 2:00,23.966,0,,,,,
914,1/18/22 2:10,23.966,0,,,,,
915,1/18/22 2:20,23.966,0,,,,,
916,1/18/22 2:30,23.966,0,,,,,
917,1/18/22 2:40,23.966,0,,,,,
918,1/18/22 2:50,23.966,0,,,,,
919,1/18/22 3:00,23.966,0,,,,,
920,1/18/22 3:10,23.869,0,,,,,
921,1/18/22 3:20,23.966,0,,,,,
922,1/18/22 3:30,23.966,0,,,,,
923,1/18/22 3:40,23.773,0,,,,,
924,1/18/22 3:50,23.966,0,,,,,
925,1/18/22 4:00,23.869,0,,,,,
926,1/18/22 4:10,23.869,0,,,,,
927,1/18/22 4:20,23.869,0,,,,,
928,1/18/22 4:30,23.869,0,,,,,
929,1/18/22 4:40,23.966,0,,,,,
930,1/18/22 4:50,23.869,0,,,,,
931,1/18/22 5:00,23.966,0,,,,,
932,1/18/22 5:10,23.966,0,,,,,
933,1/18/22 5:20,23.869,0,,,,,
934,1/18/22 5:30,23.966,0,,,,,
935,1/18/22 5:40,23.869,0,,,,,
936,1/18/22 5:50,23.869,0,,,,,
937,1/18/22 6:00,23.869,10.8,,,,,
938,1/18/22 6:10,23.869,75.3,,,,,
939,1/18/22 6:20,23.869,269.1,,,,,
940,1/18/22 6:30,23.966,516.7,,,,,
941,1/18/22 6:40,23.966,828.8,,,,,
942,1/18/22 6:50,23.966,1087.2,,,,,
943,1/18/22 7:00,23.966,1367,,,,,
944,1/18/22 7:10,23.966,1894.5,,,,,
945,1/18/22 7:20,23.966,2238.9,,,,,
946,1/18/22 7:30,23.966,3272.2,,,,,
947,1/18/22 7:40,24.062,4822.3,,,,,
948,1/18/22 7:50,24.062,4477.8,,,,,
949,1/18/22 8:00,24.062,3961.1,,,,,
950,1/18/22 8:10,24.062,3100,,,,,
951,1/18/22 8:20,24.062,4305.6,,,,,
952,1/18/22 8:30,24.158,7233.4,,,,,
953,1/18/22 8:40,24.158,2927.8,,,,,
954,1/18/22 8:50,24.158,2152.8,,,,,
955,1/18/22 9:00,24.158,3616.7,,,,,
956,1/18/22 9:10,24.158,4477.8,,,,,
957,1/18/22 9:20,24.255,4477.8,,,,,
958,1/18/22 9:30,24.255,4822.3,,,,,
959,1/18/22 9:40,24.351,5511.1,,,,,
960,1/18/22 9:50,24.351,6544.5,,,,,
961,1/18/22 10:00,24.448,4822.3,,,,,
962,1/18/22 10:10,24.448,5166.7,,,,,
963,1/18/22 10:20,24.545,5511.1,,,,,
964,1/18/22 10:30,24.641,6200,,,,,
965,1/18/22 10:40,24.641,7233.4,,,,,
966,1/18/22 10:50,24.738,6544.5,,,,,
967,1/18/22 11:00,24.835,8611.2,,,,,
968,1/18/22 11:10,25.125,13777.9,,,,,
969,1/18/22 11:20,25.125,9644.5,,,,,
970,1/18/22 11:30,25.416,9644.5,,,,,
971,1/18/22 11:40,25.416,10333.4,,,,,
972,1/18/22 11:50,25.319,8266.7,,,,,
973,1/18/22 12:00,25.513,7577.8,,,,,
974,1/18/22 12:10,25.61,7233.4,,,,,
975,1/18/22 12:20,25.513,7233.4,,,,,
976,1/18/22 12:30,25.61,6544.5,,,,,
977,1/18/22 12:40,25.61,5166.7,,,,,
978,1/18/22 12:50,25.416,8266.7,,,,,
979,1/18/22 13:00,25.319,7233.4,,,,,
980,1/18/22 13:10,25.319,5166.7,,,,,
981,1/18/22 13:20,25.028,6544.5,,,,,
982,1/18/22 13:30,25.222,6544.5,,,,,
983,1/18/22 13:40,25.222,8611.2,,,,,
984,1/18/22 13:50,25.222,5166.7,,,,,
985,1/18/22 14:00,25.222,5166.7,,,,,
986,1/18/22 14:10,25.222,4477.8,,,,,
987,1/18/22 14:20,25.222,3444.5,,,,,
988,1/18/22 14:30,25.319,2927.8,,,,,
989,1/18/22 14:40,25.222,3272.2,,,,,
990,1/18/22 14:50,25.222,2755.6,,,,,
991,1/18/22 15:00,25.222,2927.8,,,,,
992,1/18/22 15:10,25.222,3788.9,,,,,
993,1/18/22 15:20,25.125,3100,,,,,
994,1/18/22 15:30,24.931,2497.2,,,,,
995,1/18/22 15:40,24.738,3100,,,,,
996,1/18/22 15:50,24.835,2411.1,,,,,
997,1/18/22 16:00,24.738,2497.2,,,,,
998,1/18/22 16:10,24.641,1894.5,,,,,
999,1/18/22 16:20,24.641,1345.5,,,,,
1000,1/18/22 16:30,24.641,1280.9,,,,,
1001,1/18/22 16:40,24.641,1119.5,,,,,
1002,1/18/22 16:50,24.641,1097.9,,,,,
1003,1/18/22 17:00,24.641,979.5,,,,,
1004,1/18/22 17:10,24.738,1011.8,,,,,
1005,1/18/22 17:20,24.641,828.8,,,,,
1006,1/18/22 17:30,24.545,699.7,,,,,
1007,1/18/22 17:40,24.545,495.1,,,,,
1008,1/18/22 17:50,24.545,355.2,,,,,
1009,1/18/22 18:00,24.448,226,,,,,
1010,1/18/22 18:10,24.545,96.9,,,,,
1011,1/18/22 18:20,24.545,10.8,,,,,
1012,1/18/22 18:30,24.545,0,,,,,
1013,1/18/22 18:40,24.545,0,,,,,
1014,1/18/22 18:50,24.545,0,,,,,
1015,1/18/22 19:00,24.545,0,,,,,
1016,1/18/22 19:10,24.545,0,,,,,
1017,1/18/22 19:20,24.545,0,,,,,
1018,1/18/22 19:30,24.641,0,,,,,
1019,1/18/22 19:40,24.641,0,,,,,
1020,1/18/22 19:50,24.641,0,,,,,
1021,1/18/22 20:00,24.641,0,,,,,
1022,1/18/22 20:10,24.641,0,,,,,
1023,1/18/22 20:20,24.641,0,,,,,
1024,1/18/22 20:30,24.641,0,,,,,
1025,1/18/22 20:40,24.641,0,,,,,
1026,1/18/22 20:50,24.641,0,,,,,
1027,1/18/22 21:00,24.641,0,,,,,
1028,1/18/22 21:10,24.641,0,,,,,
1029,1/18/22 21:20,24.641,0,,,,,
1030,1/18/22 21:30,24.641,0,,,,,
1031,1/18/22 21:40,24.641,0,,,,,
1032,1/18/22 21:50,24.641,0,,,,,
1033,1/18/22 22:00,24.641,0,,,,,
1034,1/18/22 22:10,24.641,0,,,,,
1035,1/18/22 22:20,24.641,0,,,,,
1036,1/18/22 22:30,24.641,0,,,,,
1037,1/18/22 22:40,24.545,0,,,,,
1038,1/18/22 22:50,24.545,0,,,,,
1039,1/18/22 23:00,24.545,0,,,,,
1040,1/18/22 23:10,24.545,0,,,,,
1041,1/18/22 23:20,24.545,0,,,,,
1042,1/18/22 23:30,24.448,0,,,,,
1043,1/18/22 23:40,24.448,0,,,,,
1044,1/18/22 23:50,24.351,0,,,,,
1045,1/19/22 0:00,24.351,0,,,,,
1046,1/19/22 0:10,24.255,0,,,,,
1047,1/19/22 0:20,24.351,0,,,,,
1048,1/19/22 0:30,24.351,0,,,,,
1049,1/19/22 0:40,24.255,0,,,,,
1050,1/19/22 0:50,24.158,0,,,,,
1051,1/19/22 1:00,24.062,0,,,,,
1052,1/19/22 1:10,23.966,0,,,,,
1053,1/19/22 1:20,23.869,0,,,,,
1054,1/19/22 1:30,23.869,0,,,,,
1055,1/19/22 1:40,23.869,0,,,,,
1056,1/19/22 1:50,23.869,0,,,,,
1057,1/19/22 2:00,23.773,0,,,,,
1058,1/19/22 2:10,23.773,0,,,,,
1059,1/19/22 2:20,23.773,0,,,,,
1060,1/19/22 2:30,23.677,0,,,,,
1061,1/19/22 2:40,23.677,0,,,,,
1062,1/19/22 2:50,23.581,0,,,,,
1063,1/19/22 3:00,23.677,0,,,,,
1064,1/19/22 3:10,23.677,0,,,,,
1065,1/19/22 3:20,23.677,0,,,,,
1066,1/19/22 3:30,23.484,0,,,,,
1067,1/19/22 3:40,23.292,0,,,,,
1068,1/19/22 3:50,23.292,0,,,,,
1069,1/19/22 4:00,23.388,0,,,,,
1070,1/19/22 4:10,23.196,0,,,,,
1071,1/19/22 4:20,23.292,0,,,,,
1072,1/19/22 4:30,23.004,0,,,,,
1073,1/19/22 4:40,23.004,0,,,,,
1074,1/19/22 4:50,23.004,0,,,,,
1075,1/19/22 5:00,23.1,0,,,,,
1076,1/19/22 5:10,23.292,0,,,,,
1077,1/19/22 5:20,23.292,0,,,,,
1078,1/19/22 5:30,23.388,0,,,,,
1079,1/19/22 5:40,23.388,0,,,,,
1080,1/19/22 5:50,23.388,0,,,,,
1081,1/19/22 6:00,23.484,0,,,,,
1082,1/19/22 6:10,23.484,0,,,,,
1083,1/19/22 6:20,23.484,43.1,,,,,
1084,1/19/22 6:30,23.484,118.4,,,,,
1085,1/19/22 6:40,23.581,193.8,,,,,
1086,1/19/22 6:50,23.581,247.6,,,,,
1087,1/19/22 7:00,23.581,226,,,,,
1088,1/19/22 7:10,23.484,301.4,,,,,
1089,1/19/22 7:20,23.484,602.8,,,,,
1090,1/19/22 7:30,23.484,958,,,,,
1091,1/19/22 7:40,23.484,818.1,,,,,
1092,1/19/22 7:50,23.484,1162.5,,,,,
1093,1/19/22 8:00,23.581,1334.7,,,,,
1094,1/19/22 8:10,23.581,1636.1,,,,,
1095,1/19/22 8:20,23.581,2325,,,,,
1096,1/19/22 8:30,23.677,2755.6,,,,,
1097,1/19/22 8:40,23.966,9300.1,,,,,
1098,1/19/22 8:50,23.966,7577.8,,,,,
1099,1/19/22 9:00,24.062,7577.8,,,,,
1100,1/19/22 9:10,23.966,6200,,,,,
1101,1/19/22 9:20,23.966,5166.7,,,,,
1102,1/19/22 9:30,24.062,7577.8,,,,,
1103,1/19/22 9:40,24.158,9300.1,,,,,
1104,1/19/22 9:50,24.545,26178,,,,,
1105,1/19/22 10:00,24.351,11711.2,,,,,
1106,1/19/22 10:10,24.448,10677.8,,,,,
1107,1/19/22 10:20,24.158,7233.4,,,,,
1108,1/19/22 10:30,24.158,6544.5,,,,,
1109,1/19/22 10:40,24.158,6544.5,,,,,
1110,1/19/22 10:50,24.255,7233.4,,,,,
1111,1/19/22 11:00,24.351,8266.7,,,,,
1112,1/19/22 11:10,24.448,7577.8,,,,,
1113,1/19/22 11:20,24.545,7233.4,,,,,
1114,1/19/22 11:30,24.641,7577.8,,,,,
1115,1/19/22 11:40,24.545,5511.1,,,,,
1116,1/19/22 11:50,24.641,7577.8,,,,,
1117,1/19/22 12:00,24.835,9644.5,,,,,
1118,1/19/22 12:10,24.835,8611.2,,,,,
1119,1/19/22 12:20,24.931,8266.7,,,,,
1120,1/19/22 12:30,24.835,6544.5,,,,,
1121,1/19/22 12:40,24.931,7577.8,,,,,
1122,1/19/22 12:50,24.931,6544.5,,,,,
1123,1/19/22 13:00,24.738,850.4,,,,,
1124,1/19/22 13:10,24.545,5511.1,,,,,
1125,1/19/22 13:20,24.738,4994.5,,,,,
1126,1/19/22 13:30,24.835,12400.1,,,,,
1127,1/19/22 13:40,24.641,10333.4,,,,,
1128,1/19/22 13:50,24.448,5511.1,,,,,
1129,1/19/22 14:00,24.448,6200,,,,,
1130,1/19/22 14:10,24.448,5511.1,,,,,
1131,1/19/22 14:20,24.448,5511.1,,,,,
1132,1/19/22 14:30,24.545,7577.8,,,,,
1133,1/19/22 14:40,24.448,6544.5,,,,,
1134,1/19/22 14:50,24.641,8266.7,,,,,
1135,1/19/22 15:00,24.545,5166.7,,,,,
1136,1/19/22 15:10,24.545,5166.7,,,,,
1137,1/19/22 15:20,24.448,5166.7,,,,,
1138,1/19/22 15:30,24.448,5166.7,,,,,
1139,1/19/22 15:40,24.448,4822.3,,,,,
1140,1/19/22 15:50,24.255,3616.7,,,,,
1141,1/19/22 16:00,24.351,1980.6,,,,,
1142,1/19/22 16:10,24.545,3616.7,,,,,
1143,1/19/22 16:20,24.545,3961.1,,,,,
1144,1/19/22 16:30,24.545,2669.5,,,,,
1145,1/19/22 16:40,24.641,2152.8,,,,,
1146,1/19/22 16:50,24.641,2325,,,,,
1147,1/19/22 17:00,24.545,1980.6,,,,,
1148,1/19/22 17:10,24.545,1463.9,,,,,
1149,1/19/22 17:20,24.448,1087.2,,,,,
1150,1/19/22 17:30,24.448,710.4,,,,,
1151,1/19/22 17:40,24.448,344.4,,,,,
1152,1/19/22 17:50,24.351,193.8,,,,,
1153,1/19/22 18:00,24.351,118.4,,,,,
1154,1/19/22 18:10,24.351,75.3,,,,,
1155,1/19/22 18:20,24.351,21.5,,,,,
1156,1/19/22 18:30,24.255,0,,,,,
1157,1/19/22 18:40,24.255,0,,,,,
1158,1/19/22 18:50,24.255,0,,,,,
1159,1/19/22 19:00,24.255,0,,,,,
1160,1/19/22 19:10,24.158,0,,,,,
1161,1/19/22 19:20,24.158,0,,,,,
1162,1/19/22 19:30,24.158,0,,,,,
1163,1/19/22 19:40,24.158,0,,,,,
1164,1/19/22 19:50,24.158,0,,,,,
1165,1/19/22 20:00,24.158,0,,,,,
1166,1/19/22 20:10,24.158,0,,,,,
1167,1/19/22 20:20,24.158,0,,,,,
1168,1/19/22 20:30,24.158,0,,,,,
1169,1/19/22 20:40,24.158,0,,,,,
1170,1/19/22 20:50,24.158,0,,,,,
1171,1/19/22 21:00,24.158,0,,,,,
1172,1/19/22 21:10,24.158,0,,,,,
1173,1/19/22 21:20,24.158,0,,,,,
1174,1/19/22 21:30,24.158,0,,,,,
1175,1/19/22 21:40,24.158,0,,,,,
1176,1/19/22 21:50,24.158,0,,,,,
1177,1/19/22 22:00,24.158,0,,,,,
1178,1/19/22 22:10,24.158,0,,,,,
1179,1/19/22 22:20,24.158,0,,,,,
1180,1/19/22 22:30,24.158,0,,,,,
1181,1/19/22 22:40,24.158,0,,,,,
1182,1/19/22 22:50,24.158,0,,,,,
1183,1/19/22 23:00,24.158,0,,,,,
1184,1/19/22 23:10,24.158,0,,,,,
1185,1/19/22 23:20,24.158,0,,,,,
1186,1/19/22 23:30,24.158,0,,,,,
1187,1/19/22 23:40,24.158,0,,,,,
1188,1/19/22 23:50,24.158,0,,,,,
1189,1/20/22 0:00,24.158,0,,,,,
1190,1/20/22 0:10,24.062,0,,,,,
1191,1/20/22 0:20,24.062,0,,,,,
1192,1/20/22 0:30,23.966,0,,,,,
1193,1/20/22 0:40,23.966,0,,,,,
1194,1/20/22 0:50,23.869,0,,,,,
1195,1/20/22 1:00,23.869,0,,,,,
1196,1/20/22 1:10,23.677,0,,,,,
1197,1/20/22 1:20,23.773,0,,,,,
1198,1/20/22 1:30,23.677,0,,,,,
1199,1/20/22 1:40,23.581,0,,,,,
1200,1/20/22 1:50,23.581,0,,,,,
1201,1/20/22 2:00,23.581,0,,,,,
1202,1/20/22 2:10,23.581,0,,,,,
1203,1/20/22 2:20,23.581,0,,,,,
1204,1/20/22 2:30,23.581,0,,,,,
1205,1/20/22 2:40,23.581,0,,,,,
1206,1/20/22 2:50,23.581,0,,,,,
1207,1/20/22 3:00,23.581,0,,,,,
1208,1/20/22 3:10,23.581,0,,,,,
1209,1/20/22 3:20,23.581,0,,,,,
1210,1/20/22 3:30,23.581,0,,,,,
1211,1/20/22 3:40,23.484,0,,,,,
1212,1/20/22 3:50,23.581,0,,,,,
1213,1/20/22 4:00,23.484,0,,,,,
1214,1/20/22 4:10,23.581,0,,,,,
1215,1/20/22 4:20,23.581,0,,,,,
1216,1/20/22 4:30,23.581,0,,,,,
1217,1/20/22 4:40,23.581,0,,,,,
1218,1/20/22 4:50,23.677,0,,,,,
1219,1/20/22 5:00,23.581,0,,,,,
1220,1/20/22 5:10,23.581,0,,,,,
1221,1/20/22 5:20,23.581,0,,,,,
1222,1/20/22 5:30,23.581,0,,,,,
1223,1/20/22 5:40,23.581,0,,,,,
1224,1/20/22 5:50,23.581,0,,,,,
1225,1/20/22 6:00,23.581,0,,,,,
1226,1/20/22 6:10,23.581,21.5,,,,,
1227,1/20/22 6:20,23.677,53.8,,,,,
1228,1/20/22 6:30,23.677,129.2,,,,,
1229,1/20/22 6:40,23.581,150.7,,,,,
1230,1/20/22 6:50,23.581,236.8,,,,,
1231,1/20/22 7:00,23.677,570.5,,,,,
1232,1/20/22 7:10,23.677,742.7,,,,,
1233,1/20/22 7:20,23.677,871.9,,,,,
1234,1/20/22 7:30,23.677,710.4,,,,,
1235,1/20/22 7:40,23.581,505.9,,,,,
1236,1/20/22 7:50,23.677,936.5,,,,,
1237,1/20/22 8:00,23.677,936.5,,,,,
1238,1/20/22 8:10,23.677,1302.4,,,,,
1239,1/20/22 8:20,23.966,3616.7,,,,,
1240,1/20/22 8:30,23.869,2325,,,,,
1241,1/20/22 8:40,23.966,2411.1,,,,,
1242,1/20/22 8:50,24.062,1216.3,,,,,
1243,1/20/22 9:00,24.158,1173.3,,,,,
1244,1/20/22 9:10,24.255,1377.8,,,,,
1245,1/20/22 9:20,24.351,1980.6,,,,,
1246,1/20/22 9:30,24.351,2238.9,,,,,
1247,1/20/22 9:40,24.641,2927.8,,,,,
1248,1/20/22 9:50,24.545,2497.2,,,,,
1249,1/20/22 10:00,24.738,2238.9,,,,,
1250,1/20/22 10:10,24.738,2325,,,,,
1251,1/20/22 10:20,24.931,2755.6,,,,,
1252,1/20/22 10:30,25.028,2066.7,,,,,
1253,1/20/22 10:40,25.222,2325,,,,,
1254,1/20/22 10:50,25.319,2669.5,,,,,
1255,1/20/22 11:00,25.222,2066.7,,,,,
1256,1/20/22 11:10,25.028,1894.5,,,,,
1257,1/20/22 11:20,25.61,2583.4,,,,,
1258,1/20/22 11:30,25.61,2411.1,,,,,
1259,1/20/22 11:40,25.416,1550,,,,,
1260,1/20/22 11:50,26.39,2152.8,,,,,
1261,1/20/22 12:00,26.39,2066.7,,,,,
1262,1/20/22 12:10,26.585,2497.2,,,,,
1263,1/20/22 12:20,26.683,2152.8,,,,,
1264,1/20/22 12:30,27.075,2927.8,,,,,
1265,1/20/22 12:40,26.195,1808.3,,,,,
1266,1/20/22 12:50,25.902,1722.2,,,,,
1267,1/20/22 13:00,25.902,1636.1,,,,,
1268,1/20/22 13:10,26,1636.1,,,,,
1269,1/20/22 13:20,26,1550,,,,,
1270,1/20/22 13:30,26.683,2669.5,,,,,
1271,1/20/22 13:40,25.61,1463.9,,,,,
1272,1/20/22 13:50,25.125,1324,,,,,
1273,1/20/22 14:00,24.931,1259.4,,,,,
1274,1/20/22 14:10,24.931,796.5,,,,,
1275,1/20/22 14:20,24.641,775,,,,,
1276,1/20/22 14:30,24.255,505.9,,,,,
1277,1/20/22 14:40,24.351,430.6,,,,,
1278,1/20/22 14:50,24.255,441.3,,,,,
1279,1/20/22 15:00,24.158,818.1,,,,,
1280,1/20/22 15:10,24.158,430.6,,,,,
1281,1/20/22 15:20,24.255,538.2,,,,,
1282,1/20/22 15:30,24.255,2927.8,,,,,
1283,1/20/22 15:40,24.158,3100,,,,,
1284,1/20/22 15:50,24.062,2583.4,,,,,
1285,1/20/22 16:00,24.158,2411.1,,,,,
1286,1/20/22 16:10,24.062,2066.7,,,,,
1287,1/20/22 16:20,24.062,1808.3,,,,,
1288,1/20/22 16:30,24.062,1550,,,,,
1289,1/20/22 16:40,24.062,1377.8,,,,,
1290,1/20/22 16:50,24.062,1259.4,,,,,
1291,1/20/22 17:00,24.062,1141,,,,,
1292,1/20/22 17:10,24.062,990.3,,,,,
1293,1/20/22 17:20,24.062,656.6,,,,,
1294,1/20/22 17:30,24.062,559.7,,,,,
1295,1/20/22 17:40,24.062,527.4,,,,,
1296,1/20/22 17:50,24.062,333.7,,,,,
1297,1/20/22 18:00,24.062,183,,,,,
1298,1/20/22 18:10,24.062,64.6,,,,,
1299,1/20/22 18:20,24.062,10.8,,,,,
1300,1/20/22 18:30,24.062,0,,,,,
1301,1/20/22 18:40,24.062,0,,,,,
1302,1/20/22 18:50,24.062,0,,,,,
1303,1/20/22 19:00,24.062,0,,,,,
1304,1/20/22 19:10,24.062,0,,,,,
1305,1/20/22 19:20,24.062,0,,,,,
1306,1/20/22 19:30,24.062,0,,,,,
1307,1/20/22 19:40,24.062,0,,,,,
1308,1/20/22 19:50,24.062,0,,,,,
1309,1/20/22 20:00,24.062,0,,,,,
1310,1/20/22 20:10,24.062,0,,,,,
1311,1/20/22 20:20,24.062,0,,,,,
1312,1/20/22 20:30,24.062,0,,,,,
1313,1/20/22 20:40,24.062,0,,,,,
1314,1/20/22 20:50,24.062,0,,,,,
1315,1/20/22 21:00,23.966,0,,,,,
1316,1/20/22 21:10,24.062,0,,,,,
1317,1/20/22 21:20,24.062,0,,,,,
1318,1/20/22 21:30,24.062,0,,,,,
1319,1/20/22 21:40,24.062,0,,,,,
1320,1/20/22 21:50,24.062,0,,,,,
1321,1/20/22 22:00,24.062,0,,,,,
1322,1/20/22 22:10,24.062,0,,,,,
1323,1/20/22 22:20,24.062,0,,,,,
1324,1/20/22 22:30,24.062,0,,,,,
1325,1/20/22 22:40,24.062,0,,,,,
1326,1/20/22 22:50,24.062,0,,,,,
1327,1/20/22 23:00,24.062,0,,,,,
1328,1/20/22 23:10,24.062,0,,,,,
1329,1/20/22 23:20,24.062,0,,,,,
1330,1/20/22 23:30,23.966,0,,,,,
1331,1/20/22 23:40,23.966,0,,,,,
1332,1/20/22 23:50,23.966,0,,,,,
1333,1/21/22 0:00,23.966,0,,,,,
1334,1/21/22 0:10,23.966,0,,,,,
1335,1/21/22 0:20,23.966,0,,,,,
1336,1/21/22 0:30,23.966,0,,,,,
1337,1/21/22 0:40,23.966,0,,,,,
1338,1/21/22 0:50,23.966,0,,,,,
1339,1/21/22 1:00,23.966,0,,,,,
1340,1/21/22 1:10,23.869,0,,,,,
1341,1/21/22 1:20,23.869,0,,,,,
1342,1/21/22 1:30,23.869,0,,,,,
1343,1/21/22 1:40,23.869,0,,,,,
1344,1/21/22 1:50,23.773,0,,,,,
1345,1/21/22 2:00,23.773,0,,,,,
1346,1/21/22 2:10,23.677,0,,,,,
1347,1/21/22 2:20,23.677,0,,,,,
1348,1/21/22 2:30,23.677,0,,,,,
1349,1/21/22 2:40,23.581,0,,,,,
1350,1/21/22 2:50,23.581,0,,,,,
1351,1/21/22 3:00,23.581,0,,,,,
1352,1/21/22 3:10,23.581,0,,,,,
1353,1/21/22 3:20,23.484,0,,,,,
1354,1/21/22 3:30,23.484,0,,,,,
1355,1/21/22 3:40,23.484,0,,,,,
1356,1/21/22 3:50,23.388,0,,,,,
1357,1/21/22 4:00,23.388,0,,,,,
1358,1/21/22 4:10,23.388,0,,,,,
1359,1/21/22 4:20,23.388,0,,,,,
1360,1/21/22 4:30,23.484,0,,,,,
1361,1/21/22 4:40,23.484,0,,,,,
1362,1/21/22 4:50,23.388,0,,,,,
1363,1/21/22 5:00,23.484,0,,,,,
1364,1/21/22 5:10,23.484,0,,,,,
1365,1/21/22 5:20,23.388,0,,,,,
1366,1/21/22 5:30,23.484,0,,,,,
1367,1/21/22 5:40,23.484,0,,,,,
1368,1/21/22 5:50,23.484,0,,,,,
1369,1/21/22 6:00,23.484,0,,,,,
1370,1/21/22 6:10,23.484,21.5,,,,,
1371,1/21/22 6:20,23.484,118.4,,,,,
1372,1/21/22 6:30,23.484,172.2,,,,,
1373,1/21/22 6:40,23.388,441.3,,,,,
1374,1/21/22 6:50,23.388,559.7,,,,,
1375,1/21/22 7:00,23.388,968.8,,,,,
1376,1/21/22 7:10,23.484,1377.8,,,,,
1377,1/21/22 7:20,23.484,1808.3,,,,,
1378,1/21/22 7:30,23.484,2325,,,,,
1379,1/21/22 7:40,23.484,2325,,,,,
1380,1/21/22 7:50,23.581,1808.3,,,,,
1381,1/21/22 8:00,23.581,2066.7,,,,,
1382,1/21/22 8:10,23.581,2927.8,,,,,
1383,1/21/22 8:20,23.677,3788.9,,,,,
1384,1/21/22 8:30,23.677,3100,,,,,
1385,1/21/22 8:40,23.677,3788.9,,,,,
1386,1/21/22 8:50,23.773,4477.8,,,,,
1387,1/21/22 9:00,23.869,7233.4,,,,,
1388,1/21/22 9:10,24.062,6544.5,,,,,
1389,1/21/22 9:20,24.062,11711.2,,,,,
1390,1/21/22 9:30,24.545,26178,,,,,
1391,1/21/22 9:40,24.738,38578,,,,,
1392,1/21/22 9:50,24.931,20666.8,,,,,
1393,1/21/22 10:00,24.835,20666.8,,,,,
1394,1/21/22 10:10,25.028,33066.9,,,,,
1395,1/21/22 10:20,25.125,28933.5,,,,,
1396,1/21/22 10:30,25.513,41333.6,,,,,
1397,1/21/22 10:40,25.513,23422.4,,,,,
1398,1/21/22 10:50,25.513,42711.4,,,,,
1399,1/21/22 11:00,25.708,28933.5,,,,,
1400,1/21/22 11:10,25.513,22044.6,,,,,
1401,1/21/22 11:20,25.61,22044.6,,,,,
1402,1/21/22 11:30,25.61,20666.8,,,,,
1403,1/21/22 11:40,25.708,20666.8,,,,,
1404,1/21/22 11:50,25.805,24800.2,,,,,
1405,1/21/22 12:00,25.805,49600.3,,,,,
1406,1/21/22 12:10,25.708,15844.5,,,,,
1407,1/21/22 12:20,25.708,8611.2,,,,,
1408,1/21/22 12:30,25.708,20666.8,,,,,
1409,1/21/22 12:40,25.61,7233.4,,,,,
1410,1/21/22 12:50,25.902,7233.4,,,,,
1411,1/21/22 13:00,25.805,5338.9,,,,,
1412,1/21/22 13:10,25.708,4994.5,,,,,
1413,1/21/22 13:20,25.61,6544.5,,,,,
1414,1/21/22 13:30,25.61,4305.6,,,,,
1415,1/21/22 13:40,25.319,10677.8,,,,,
1416,1/21/22 13:50,25.319,4477.8,,,,,
1417,1/21/22 14:00,25.319,4305.6,,,,,
1418,1/21/22 14:10,25.125,2411.1,,,,,
1419,1/21/22 14:20,25.125,3272.2,,,,,
1420,1/21/22 14:30,24.738,2927.8,,,,,
1421,1/21/22 14:40,24.835,2411.1,,,,,
1422,1/21/22 14:50,24.835,2497.2,,,,,
1423,1/21/22 15:00,24.835,2497.2,,,,,
1424,1/21/22 15:10,25.028,3272.2,,,,,
1425,1/21/22 15:20,24.738,2927.8,,,,,
1426,1/21/22 15:30,24.545,2583.4,,,,,
1427,1/21/22 15:40,25.028,2669.5,,,,,
1428,1/21/22 15:50,24.641,2927.8,,,,,
1429,1/21/22 16:00,24.158,2755.6,,,,,
1430,1/21/22 16:10,24.255,2325,,,,,
1431,1/21/22 16:20,24.158,2669.5,,,,,
1432,1/21/22 16:30,24.158,1722.2,,,,,
1433,1/21/22 16:40,24.062,1151.7,,,,,
1434,1/21/22 16:50,24.062,958,,,,,
1435,1/21/22 17:00,24.062,1216.3,,,,,
1436,1/21/22 17:10,24.351,1044.1,,,,,
1437,1/21/22 17:20,24.158,818.1,,,,,
1438,1/21/22 17:30,24.158,624.3,,,,,
1439,1/21/22 17:40,24.255,376.7,,,,,
1440,1/21/22 17:50,24.255,398.3,,,,,
1441,1/21/22 18:00,24.255,269.1,,,,,
1442,1/21/22 18:10,24.351,107.6,,,,,
1443,1/21/22 18:20,24.351,21.5,,,,,
1444,1/21/22 18:30,24.351,0,,,,,
1445,1/21/22 18:40,24.351,0,,,,,
1446,1/21/22 18:50,24.351,0,,,,,
1447,1/21/22 19:00,24.351,0,,,,,
1448,1/21/22 19:10,24.255,0,,,,,
1449,1/21/22 19:20,24.158,0,,,,,
1450,1/21/22 19:30,24.062,0,,,,,
1451,1/21/22 19:40,23.966,0,,,,,
1452,1/21/22 19:50,24.158,0,,,,,
1453,1/21/22 20:00,24.062,0,,,,,
1454,1/21/22 20:10,24.062,0,,,,,
1455,1/21/22 20:20,24.062,0,,,,,
1456,1/21/22 20:30,24.062,0,,,,,
1457,1/21/22 20:40,24.062,0,,,,,
1458,1/21/22 20:50,24.158,0,,,,,
1459,1/21/22 21:00,24.062,0,,,,,
1460,1/21/22 21:10,24.062,0,,,,,
1461,1/21/22 21:20,24.062,0,,,,,
1462,1/21/22 21:30,24.062,0,,,,,
1463,1/21/22 21:40,24.062,0,,,,,
1464,1/21/22 21:50,24.062,0,,,,,
1465,1/21/22 22:00,24.062,0,,,,,
1466,1/21/22 22:10,24.062,0,,,,,
1467,1/21/22 22:20,24.062,0,,,,,
1468,1/21/22 22:30,24.062,0,,,,,
1469,1/21/22 22:40,24.062,0,,,,,
1470,1/21/22 22:50,24.062,0,,,,,
1471,1/21/22 23:00,24.158,0,,,,,
1472,1/21/22 23:10,24.158,0,,,,,
1473,1/21/22 23:20,24.158,0,,,,,
1474,1/21/22 23:30,24.158,0,,,,,
1475,1/21/22 23:40,24.158,0,,,,,
1476,1/21/22 23:50,24.158,0,,,,,
1477,1/22/22 0:00,24.158,0,,,,,
1478,1/22/22 0:10,24.158,0,,,,,
1479,1/22/22 0:20,24.158,0,,,,,
1480,1/22/22 0:30,24.158,0,,,,,
1481,1/22/22 0:40,24.062,0,,,,,
1482,1/22/22 0:50,24.062,0,,,,,
1483,1/22/22 1:00,24.062,0,,,,,
1484,1/22/22 1:10,24.062,0,,,,,
1485,1/22/22 1:20,24.062,0,,,,,
1486,1/22/22 1:30,23.966,0,,,,,
1487,1/22/22 1:40,23.966,0,,,,,
1488,1/22/22 1:50,23.869,0,,,,,
1489,1/22/22 2:00,23.869,0,,,,,
1490,1/22/22 2:10,23.773,0,,,,,
1491,1/22/22 2:20,23.773,0,,,,,
1492,1/22/22 2:30,23.677,0,,,,,
1493,1/22/22 2:40,23.773,0,,,,,
1494,1/22/22 2:50,23.773,0,,,,,
1495,1/22/22 3:00,23.677,0,,,,,
1496,1/22/22 3:10,23.773,0,,,,,
1497,1/22/22 3:20,23.773,0,,,,,
1498,1/22/22 3:30,23.677,0,,,,,
1499,1/22/22 3:40,23.773,0,,,,,
1500,1/22/22 3:50,23.773,0,,,,,
1501,1/22/22 4:00,23.773,0,,,,,
1502,1/22/22 4:10,23.773,0,,,,,
1503,1/22/22 4:20,23.677,0,,,,,
1504,1/22/22 4:30,23.677,0,,,,,
1505,1/22/22 4:40,23.677,0,,,,,
1506,1/22/22 4:50,23.677,0,,,,,
1507,1/22/22 5:00,23.677,0,,,,,
1508,1/22/22 5:10,23.677,0,,,,,
1509,1/22/22 5:20,23.677,0,,,,,
1510,1/22/22 5:30,23.581,0,,,,,
1511,1/22/22 5:40,23.581,0,,,,,
1512,1/22/22 5:50,23.581,0,,,,,
1513,1/22/22 6:00,23.581,0,,,,,
1514,1/22/22 6:10,23.581,53.8,,,,,
1515,1/22/22 6:20,23.677,129.2,,,,,
1516,1/22/22 6:30,23.677,215.3,,,,,
1517,1/22/22 6:40,23.677,355.2,,,,,
1518,1/22/22 6:50,23.677,473.6,,,,,
1519,1/22/22 7:00,23.677,592,,,,,
1520,1/22/22 7:10,23.677,678.1,,,,,
1521,1/22/22 7:20,23.677,699.7,,,,,
1522,1/22/22 7:30,23.677,818.1,,,,,
1523,1/22/22 7:40,23.677,1173.3,,,,,
1524,1/22/22 7:50,23.773,2411.1,,,,,
1525,1/22/22 8:00,23.773,2927.8,,,,,
1526,1/22/22 8:10,23.773,1980.6,,,,,
1527,1/22/22 8:20,23.869,3788.9,,,,,
1528,1/22/22 8:30,23.966,5166.7,,,,,
1529,1/22/22 8:40,23.966,5338.9,,,,,
1530,1/22/22 8:50,23.966,4133.4,,,,,
1531,1/22/22 9:00,23.966,3616.7,,,,,
1532,1/22/22 9:10,23.966,2927.8,,,,,
1533,1/22/22 9:20,23.966,3788.9,,,,,
1534,1/22/22 9:30,24.062,4133.4,,,,,
1535,1/22/22 9:40,23.966,3444.5,,,,,
1536,1/22/22 9:50,24.062,3788.9,,,,,
1537,1/22/22 10:00,24.062,2927.8,,,,,
1538,1/22/22 10:10,23.966,1636.1,,,,,
1539,1/22/22 10:20,23.869,1097.9,,,,,
1540,1/22/22 10:30,23.966,2411.1,,,,,
1541,1/22/22 10:40,23.966,2152.8,,,,,
1542,1/22/22 10:50,23.966,2583.4,,,,,
1543,1/22/22 11:00,24.062,3616.7,,,,,
1544,1/22/22 11:10,24.062,4133.4,,,,,
1545,1/22/22 11:20,24.255,5166.7,,,,,
1546,1/22/22 11:30,24.255,5511.1,,,,,
1547,1/22/22 11:40,24.351,5511.1,,,,,
1548,1/22/22 11:50,24.448,7577.8,,,,,
1549,1/22/22 12:00,24.448,7577.8,,,,,
1550,1/22/22 12:10,24.448,4994.5,,,,,
1551,1/22/22 12:20,24.255,4305.6,,,,,
1552,1/22/22 12:30,24.448,7233.4,,,,,
1553,1/22/22 12:40,24.641,8266.7,,,,,
1554,1/22/22 12:50,24.738,8266.7,,,,,
1555,1/22/22 13:00,24.738,7577.8,,,,,
1556,1/22/22 13:10,24.738,7233.4,,,,,
1557,1/22/22 13:20,24.545,4822.3,,,,,
1558,1/22/22 13:30,24.545,4822.3,,,,,
1559,1/22/22 13:40,24.641,5166.7,,,,,
1560,1/22/22 13:50,24.641,4822.3,,,,,
1561,1/22/22 14:00,24.641,4477.8,,,,,
1562,1/22/22 14:10,24.641,4994.5,,,,,
1563,1/22/22 14:20,24.545,4994.5,,,,,
1564,1/22/22 14:30,24.448,4477.8,,,,,
1565,1/22/22 14:40,24.351,4650,,,,,
1566,1/22/22 14:50,24.255,4305.6,,,,,
1567,1/22/22 15:00,24.255,3961.1,,,,,
1568,1/22/22 15:10,24.255,3961.1,,,,,
1569,1/22/22 15:20,24.158,3444.5,,,,,
1570,1/22/22 15:30,24.158,3272.2,,,,,
1571,1/22/22 15:40,24.062,3100,,,,,
1572,1/22/22 15:50,24.062,3272.2,,,,,
1573,1/22/22 16:00,24.158,2669.5,,,,,
1574,1/22/22 16:10,24.158,2325,,,,,
1575,1/22/22 16:20,24.062,2066.7,,,,,
1576,1/22/22 16:30,23.966,1808.3,,,,,
1577,1/22/22 16:40,23.773,1377.8,,,,,
1578,1/22/22 16:50,23.869,1248.6,,,,,
1579,1/22/22 17:00,23.869,1044.1,,,,,
1580,1/22/22 17:10,23.773,925.7,,,,,
1581,1/22/22 17:20,23.773,721.2,,,,,
1582,1/22/22 17:30,23.773,527.4,,,,,
1583,1/22/22 17:40,23.773,398.3,,,,,
1584,1/22/22 17:50,23.773,322.9,,,,,
1585,1/22/22 18:00,23.773,161.5,,,,,
1586,1/22/22 18:10,23.773,53.8,,,,,
1587,1/22/22 18:20,23.773,10.8,,,,,
1588,1/22/22 18:30,23.773,0,,,,,
1589,1/22/22 18:40,23.773,0,,,,,
1590,1/22/22 18:50,23.773,0,,,,,
1591,1/22/22 19:00,23.773,0,,,,,
1592,1/22/22 19:10,23.773,0,,,,,
1593,1/22/22 19:20,23.773,0,,,,,
1594,1/22/22 19:30,23.773,0,,,,,
1595,1/22/22 19:40,23.773,0,,,,,
1596,1/22/22 19:50,23.773,0,,,,,
1597,1/22/22 20:00,23.773,0,,,,,
1598,1/22/22 20:10,23.773,0,,,,,
1599,1/22/22 20:20,23.773,0,,,,,
1600,1/22/22 20:30,23.773,0,,,,,
1601,1/22/22 20:40,23.773,0,,,,,
1602,1/22/22 20:50,23.773,0,,,,,
1603,1/22/22 21:00,23.773,0,,,,,
1604,1/22/22 21:10,23.773,0,,,,,
1605,1/22/22 21:20,23.773,0,,,,,
1606,1/22/22 21:30,23.773,0,,,,,
1607,1/22/22 21:40,23.773,0,,,,,
1608,1/22/22 21:50,23.773,0,,,,,
1609,1/22/22 22:00,23.773,0,,,,,
1610,1/22/22 22:10,23.773,0,,,,,
1611,1/22/22 22:20,23.773,0,,,,,
1612,1/22/22 22:30,23.773,0,,,,,
1613,1/22/22 22:40,23.773,0,,,,,
1614,1/22/22 22:50,23.773,0,,,,,
1615,1/22/22 23:00,23.773,0,,,,,
1616,1/22/22 23:10,23.773,0,,,,,
1617,1/22/22 23:20,23.773,0,,,,,
1618,1/22/22 23:30,23.773,0,,,,,
1619,1/22/22 23:40,23.773,0,,,,,
1620,1/22/22 23:50,23.773,0,,,,,
1621,1/23/22 0:00,23.773,0,,,,,
1622,1/23/22 0:10,23.773,0,,,,,
1623,1/23/22 0:20,23.773,0,,,,,
1624,1/23/22 0:30,23.773,0,,,,,
1625,1/23/22 0:40,23.773,0,,,,,
1626,1/23/22 0:50,23.677,0,,,,,
1627,1/23/22 1:00,23.773,0,,,,,
1628,1/23/22 1:10,23.773,0,,,,,
1629,1/23/22 1:20,23.773,0,,,,,
1630,1/23/22 1:30,23.773,0,,,,,
1631,1/23/22 1:40,23.773,0,,,,,
1632,1/23/22 1:50,23.773,0,,,,,
1633,1/23/22 2:00,23.677,0,,,,,
1634,1/23/22 2:10,23.677,0,,,,,
1635,1/23/22 2:20,23.581,0,,,,,
1636,1/23/22 2:30,23.581,0,,,,,
1637,1/23/22 2:40,23.484,0,,,,,
1638,1/23/22 2:50,23.484,0,,,,,
1639,1/23/22 3:00,23.484,0,,,,,
1640,1/23/22 3:10,23.388,0,,,,,
1641,1/23/22 3:20,23.388,0,,,,,
1642,1/23/22 3:30,23.484,0,,,,,
1643,1/23/22 3:40,23.388,0,,,,,
1644,1/23/22 3:50,23.484,0,,,,,
1645,1/23/22 4:00,23.484,0,,,,,
1646,1/23/22 4:10,23.484,0,,,,,
1647,1/23/22 4:20,23.484,0,,,,,
1648,1/23/22 4:30,23.484,0,,,,,
1649,1/23/22 4:40,23.388,0,,,,,
1650,1/23/22 4:50,23.484,0,,,,,
1651,1/23/22 5:00,23.484,0,,,,,
1652,1/23/22 5:10,23.388,0,,,,,
1653,1/23/22 5:20,23.388,0,,,,,
1654,1/23/22 5:30,23.388,0,,,,,
1655,1/23/22 5:40,23.388,0,,,,,
1656,1/23/22 5:50,23.388,0,,,,,
1657,1/23/22 6:00,23.388,0,,,,,
1658,1/23/22 6:10,23.388,10.8,,,,,
1659,1/23/22 6:20,23.388,64.6,,,,,
1660,1/23/22 6:30,23.484,183,,,,,
1661,1/23/22 6:40,23.484,279.9,,,,,
1662,1/23/22 6:50,23.484,430.6,,,,,
1663,1/23/22 7:00,23.484,559.7,,,,,
1664,1/23/22 7:10,23.484,699.7,,,,,
1665,1/23/22 7:20,23.484,1033.3,,,,,
1666,1/23/22 7:30,23.484,1119.5,,,,,
1667,1/23/22 7:40,23.484,1270.1,,,,,
1668,1/23/22 7:50,23.484,1463.9,,,,,
1669,1/23/22 8:00,23.484,1302.4,,,,,
1670,1/23/22 8:10,23.484,1980.6,,,,,
1671,1/23/22 8:20,23.581,2755.6,,,,,
1672,1/23/22 8:30,23.581,2497.2,,,,,
1673,1/23/22 8:40,23.581,3444.5,,,,,
1674,1/23/22 8:50,23.773,9644.5,,,,,
1675,1/23/22 9:00,23.773,5338.9,,,,,
1676,1/23/22 9:10,23.773,5511.1,,,,,
1677,1/23/22 9:20,23.677,2927.8,,,,,
1678,1/23/22 9:30,23.677,3444.5,,,,,
1679,1/23/22 9:40,23.677,3272.2,,,,,
1680,1/23/22 9:50,23.677,4133.4,,,,,
1681,1/23/22 10:00,23.869,9300.1,,,,,
1682,1/23/22 10:10,23.773,4477.8,,,,,
1683,1/23/22 10:20,24.062,11022.3,,,,,
1684,1/23/22 10:30,24.158,13089,,,,,
1685,1/23/22 10:40,24.255,15844.5,,,,,
1686,1/23/22 10:50,24.255,17911.2,,,,,
1687,1/23/22 11:00,24.545,16533.4,,,,,
1688,1/23/22 11:10,24.545,14466.8,,,,,
1689,1/23/22 11:20,24.545,22044.6,,,,,
1690,1/23/22 11:30,24.641,11711.2,,,,,
1691,1/23/22 11:40,24.448,7233.4,,,,,
1692,1/23/22 11:50,24.448,10333.4,,,,,
1693,1/23/22 12:00,24.351,7233.4,,,,,
1694,1/23/22 12:10,24.448,5511.1,,,,,
1695,1/23/22 12:20,24.448,7577.8,,,,,
1696,1/23/22 12:30,24.641,9300.1,,,,,
1697,1/23/22 12:40,24.835,10333.4,,,,,
1698,1/23/22 12:50,24.835,6544.5,,,,,
1699,1/23/22 13:00,24.641,4994.5,,,,,
1700,1/23/22 13:10,24.835,5511.1,,,,,
1701,1/23/22 13:20,24.835,3616.7,,,,,
1702,1/23/22 13:30,24.931,3616.7,,,,,
1703,1/23/22 13:40,24.835,5166.7,,,,,
1704,1/23/22 13:50,24.835,4477.8,,,,,
1705,1/23/22 14:00,24.835,4133.4,,,,,
1706,1/23/22 14:10,24.931,4305.6,,,,,
1707,1/23/22 14:20,24.931,3444.5,,,,,
1708,1/23/22 14:30,24.931,3272.2,,,,,
1709,1/23/22 14:40,24.738,3444.5,,,,,
1710,1/23/22 14:50,24.641,3272.2,,,,,
1711,1/23/22 15:00,24.545,4994.5,,,,,
1712,1/23/22 15:10,24.448,4305.6,,,,,
1713,1/23/22 15:20,24.351,4822.3,,,,,
1714,1/23/22 15:30,24.255,4994.5,,,,,
1715,1/23/22 15:40,24.158,5166.7,,,,,
1716,1/23/22 15:50,24.158,5166.7,,,,,
1717,1/23/22 16:00,24.158,4477.8,,,,,
1718,1/23/22 16:10,23.966,3788.9,,,,,
1719,1/23/22 16:20,23.966,3444.5,,,,,
1720,1/23/22 16:30,23.966,3272.2,,,,,
1721,1/23/22 16:40,23.966,2927.8,,,,,
1722,1/23/22 16:50,23.869,1550,,,,,
1723,1/23/22 17:00,23.869,1205.6,,,,,
1724,1/23/22 17:10,23.773,1044.1,,,,,
1725,1/23/22 17:20,23.773,861.1,,,,,
1726,1/23/22 17:30,23.773,613.5,,,,,
1727,1/23/22 17:40,23.773,366,,,,,
1728,1/23/22 17:50,23.773,344.4,,,,,
1729,1/23/22 18:00,23.773,172.2,,,,,
1730,1/23/22 18:10,23.773,96.9,,,,,
1731,1/23/22 18:20,23.773,10.8,,,,,
1732,1/23/22 18:30,23.773,0,,,,,
1733,1/23/22 18:40,23.773,0,,,,,
1734,1/23/22 18:50,23.773,0,,,,,
1735,1/23/22 19:00,23.773,0,,,,,
1736,1/23/22 19:10,23.773,0,,,,,
1737,1/23/22 19:20,23.773,0,,,,,
1738,1/23/22 19:30,23.773,0,,,,,
1739,1/23/22 19:40,23.773,0,,,,,
1740,1/23/22 19:50,23.773,0,,,,,
1741,1/23/22 20:00,23.869,0,,,,,
1742,1/23/22 20:10,23.869,0,,,,,
1743,1/23/22 20:20,23.869,0,,,,,
1744,1/23/22 20:30,23.869,0,,,,,
1745,1/23/22 20:40,23.869,0,,,,,
1746,1/23/22 20:50,23.869,0,,,,,
1747,1/23/22 21:00,23.869,0,,,,,
1748,1/23/22 21:10,23.869,0,,,,,
1749,1/23/22 21:20,23.869,0,,,,,
1750,1/23/22 21:30,23.869,0,,,,,
1751,1/23/22 21:40,23.869,0,,,,,
1752,1/23/22 21:50,23.773,0,,,,,
1753,1/23/22 22:00,23.773,0,,,,,
1754,1/23/22 22:10,23.773,0,,,,,
1755,1/23/22 22:20,23.773,0,,,,,
1756,1/23/22 22:30,23.773,0,,,,,
1757,1/23/22 22:40,23.773,0,,,,,
1758,1/23/22 22:50,23.773,0,,,,,
1759,1/23/22 23:00,23.677,0,,,,,
1760,1/23/22 23:10,23.773,0,,,,,
1761,1/23/22 23:20,23.677,0,,,,,
1762,1/23/22 23:30,23.677,0,,,,,
1763,1/23/22 23:40,23.773,0,,,,,
1764,1/23/22 23:50,23.677,0,,,,,
1765,1/24/22 0:00,23.677,0,,,,,
1766,1/24/22 0:10,23.677,0,,,,,
1767,1/24/22 0:20,23.677,0,,,,,
1768,1/24/22 0:30,23.677,0,,,,,
1769,1/24/22 0:40,23.677,0,,,,,
1770,1/24/22 0:50,23.677,0,,,,,
1771,1/24/22 1:00,23.677,0,,,,,
1772,1/24/22 1:10,23.677,0,,,,,
1773,1/24/22 1:20,23.677,0,,,,,
1774,1/24/22 1:30,23.677,0,,,,,
1775,1/24/22 1:40,23.677,0,,,,,
1776,1/24/22 1:50,23.677,0,,,,,
1777,1/24/22 2:00,23.677,0,,,,,
1778,1/24/22 2:10,23.677,0,,,,,
1779,1/24/22 2:20,23.677,0,,,,,
1780,1/24/22 2:30,23.677,0,,,,,
1781,1/24/22 2:40,23.677,0,,,,,
1782,1/24/22 2:50,23.581,0,,,,,
1783,1/24/22 3:00,23.581,0,,,,,
1784,1/24/22 3:10,23.581,0,,,,,
1785,1/24/22 3:20,23.581,0,,,,,
1786,1/24/22 3:30,23.581,0,,,,,
1787,1/24/22 3:40,23.484,0,,,,,
1788,1/24/22 3:50,23.484,0,,,,,
1789,1/24/22 4:00,23.484,0,,,,,
1790,1/24/22 4:10,23.484,0,,,,,
1791,1/24/22 4:20,23.484,0,,,,,
1792,1/24/22 4:30,23.484,0,,,,,
1793,1/24/22 4:40,23.581,0,,,,,
1794,1/24/22 4:50,23.581,0,,,,,
1795,1/24/22 5:00,23.581,0,,,,,
1796,1/24/22 5:10,23.581,0,,,,,
1797,1/24/22 5:20,23.581,0,,,,,
1798,1/24/22 5:30,23.581,0,,,,,
1799,1/24/22 5:40,23.581,0,,,,,
1800,1/24/22 5:50,23.581,0,,,,,
1801,1/24/22 6:00,23.581,0,,,,,
1802,1/24/22 6:10,23.581,10.8,,,,,
1803,1/24/22 6:20,23.581,96.9,,,,,
1804,1/24/22 6:30,23.581,247.6,,,,,
1805,1/24/22 6:40,23.581,322.9,,,,,
1806,1/24/22 6:50,23.581,312.2,,,,,
1807,1/24/22 7:00,23.484,656.6,,,,,
1808,1/24/22 7:10,23.581,1097.9,,,,,
1809,1/24/22 7:20,23.581,1377.8,,,,,
1810,1/24/22 7:30,23.581,1377.8,,,,,
1811,1/24/22 7:40,23.581,2927.8,,,,,
1812,1/24/22 7:50,23.677,4305.6,,,,,
1813,1/24/22 8:00,23.677,3100,,,,,
1814,1/24/22 8:10,23.677,3788.9,,,,,
1815,1/24/22 8:20,23.677,4477.8,,,,,
1816,1/24/22 8:30,23.773,5511.1,,,,,
1817,1/24/22 8:40,23.773,4994.5,,,,,
1818,1/24/22 8:50,23.773,5511.1,,,,,
1819,1/24/22 9:00,23.869,8266.7,,,,,
1820,1/24/22 9:10,23.773,5511.1,,,,,
1821,1/24/22 9:20,23.773,6200,,,,,
1822,1/24/22 9:30,23.773,7233.4,,,,,
1823,1/24/22 9:40,23.869,12400.1,,,,,
1824,1/24/22 9:50,24.062,13777.9,,,,,
1825,1/24/22 10:00,24.062,16533.4,,,,,
1826,1/24/22 10:10,24.158,20666.8,,,,,
1827,1/24/22 10:20,24.062,11022.3,,,,,
1828,1/24/22 10:30,24.158,14466.8,,,,,
1829,1/24/22 10:40,24.255,17911.2,,,,,
1830,1/24/22 10:50,24.835,60622.6,,,,,
1831,1/24/22 11:00,24.448,18600.1,,,,,
1832,1/24/22 11:10,24.545,30311.3,,,,,
1833,1/24/22 11:20,24.641,19977.9,,,,,
1834,1/24/22 11:30,24.835,27555.7,,,,,
1835,1/24/22 11:40,24.641,19289,,,,,
1836,1/24/22 11:50,24.738,42711.4,,,,,
1837,1/24/22 12:00,24.738,18600.1,,,,,
1838,1/24/22 12:10,24.641,16533.4,,,,,
1839,1/24/22 12:20,24.641,15844.5,,,,,
1840,1/24/22 12:30,24.738,13089,,,,,
1841,1/24/22 12:40,24.738,11711.2,,,,,
1842,1/24/22 12:50,24.738,12400.1,,,,,
1843,1/24/22 13:00,24.738,12400.1,,,,,
1844,1/24/22 13:10,24.835,12400.1,,,,,
1845,1/24/22 13:20,24.835,12400.1,,,,,
1846,1/24/22 13:30,24.835,11711.2,,,,,
1847,1/24/22 13:40,24.931,11022.3,,,,,
1848,1/24/22 13:50,24.931,11022.3,,,,,
1849,1/24/22 14:00,24.931,10333.4,,,,,
1850,1/24/22 14:10,24.931,10333.4,,,,,
1851,1/24/22 14:20,24.931,9644.5,,,,,
1852,1/24/22 14:30,24.931,9300.1,,,,,
1853,1/24/22 14:40,24.931,8266.7,,,,,
1854,1/24/22 14:50,24.931,8266.7,,,,,
1855,1/24/22 15:00,24.835,7577.8,,,,,
1856,1/24/22 15:10,24.738,6200,,,,,
1857,1/24/22 15:20,24.738,6544.5,,,,,
1858,1/24/22 15:30,24.738,5511.1,,,,,
1859,1/24/22 15:40,24.545,5511.1,,,,,
1860,1/24/22 15:50,24.255,4994.5,,,,,
1861,1/24/22 16:00,24.158,3272.2,,,,,
1862,1/24/22 16:10,23.966,527.4,,,,,
1863,1/24/22 16:20,23.869,1463.9,,,,,
1864,1/24/22 16:30,23.869,2497.2,,,,,
1865,1/24/22 16:40,23.773,1636.1,,,,,
1866,1/24/22 16:50,23.773,1313.2,,,,,
1867,1/24/22 17:00,23.773,1463.9,,,,,
1868,1/24/22 17:10,23.773,1377.8,,,,,
1869,1/24/22 17:20,23.869,1011.8,,,,,
1870,1/24/22 17:30,23.773,882.6,,,,,
1871,1/24/22 17:40,23.869,624.3,,,,,
1872,1/24/22 17:50,23.773,484.4,,,,,
1873,1/24/22 18:00,23.869,247.6,,,,,
1874,1/24/22 18:10,23.869,75.3,,,,,
1875,1/24/22 18:20,23.869,0,,,,,
1876,1/24/22 18:30,23.869,0,,,,,
1877,1/24/22 18:40,23.869,0,,,,,
1878,1/24/22 18:50,23.773,0,,,,,
1879,1/24/22 19:00,23.773,0,,,,,
1880,1/24/22 19:10,23.773,0,,,,,
1881,1/24/22 19:20,23.773,0,,,,,
1882,1/24/22 19:30,23.677,0,,,,,
1883,1/24/22 19:40,23.677,0,,,,,
1884,1/24/22 19:50,23.677,0,,,,,
1885,1/24/22 20:00,23.677,0,,,,,
1886,1/24/22 20:10,23.677,0,,,,,
1887,1/24/22 20:20,23.677,0,,,,,
1888,1/24/22 20:30,23.677,0,,,,,
1889,1/24/22 20:40,23.677,0,,,,,
1890,1/24/22 20:50,23.677,0,,,,,
1891,1/24/22 21:00,23.677,0,,,,,
1892,1/24/22 21:10,23.581,0,,,,,
1893,1/24/22 21:20,23.581,0,,,,,
1894,1/24/22 21:30,23.677,0,,,,,
1895,1/24/22 21:40,23.581,0,,,,,
1896,1/24/22 21:50,23.581,0,,,,,
1897,1/24/22 22:00,23.581,0,,,,,
1898,1/24/22 22:10,23.581,0,,,,,
1899,1/24/22 22:20,23.581,0,,,,,
1900,1/24/22 22:30,23.581,0,,,,,
1901,1/24/22 22:40,23.581,0,,,,,
1902,1/24/22 22:50,23.581,0,,,,,
1903,1/24/22 23:00,23.581,0,,,,,
1904,1/24/22 23:10,23.581,0,,,,,
1905,1/24/22 23:20,23.581,0,,,,,
1906,1/24/22 23:30,23.581,0,,,,,
1907,1/24/22 23:40,23.581,0,,,,,
1908,1/24/22 23:50,23.581,0,,,,,
1909,1/25/22 0:00,23.581,0,,,,,
1910,1/25/22 0:10,23.581,0,,,,,
1911,1/25/22 0:20,23.581,0,,,,,
1912,1/25/22 0:30,23.581,0,,,,,
1913,1/25/22 0:40,23.581,0,,,,,
1914,1/25/22 0:50,23.581,0,,,,,
1915,1/25/22 1:00,23.581,0,,,,,
1916,1/25/22 1:10,23.581,0,,,,,
1917,1/25/22 1:20,23.581,0,,,,,
1918,1/25/22 1:30,23.581,0,,,,,
1919,1/25/22 1:40,23.581,0,,,,,
1920,1/25/22 1:50,23.581,0,,,,,
1921,1/25/22 2:00,23.581,0,,,,,
1922,1/25/22 2:10,23.581,0,,,,,
1923,1/25/22 2:20,23.581,0,,,,,
1924,1/25/22 2:30,23.581,0,,,,,
1925,1/25/22 2:40,23.581,0,,,,,
1926,1/25/22 2:50,23.581,0,,,,,
1927,1/25/22 3:00,23.581,0,,,,,
1928,1/25/22 3:10,23.581,0,,,,,
1929,1/25/22 3:20,23.581,0,,,,,
1930,1/25/22 3:30,23.581,0,,,,,
1931,1/25/22 3:40,23.484,0,,,,,
1932,1/25/22 3:50,23.484,0,,,,,
1933,1/25/22 4:00,23.484,0,,,,,
1934,1/25/22 4:10,23.484,0,,,,,
1935,1/25/22 4:20,23.484,0,,,,,
1936,1/25/22 4:30,23.484,0,,,,,
1937,1/25/22 4:40,23.484,0,,,,,
1938,1/25/22 4:50,23.388,0,,,,,
1939,1/25/22 5:00,23.484,0,,,,,
1940,1/25/22 5:10,23.388,0,,,,,
1941,1/25/22 5:20,23.388,0,,,,,
1942,1/25/22 5:30,23.388,0,,,,,
1943,1/25/22 5:40,23.388,0,,,,,
1944,1/25/22 5:50,23.388,0,,,,,
1945,1/25/22 6:00,23.388,0,,,,,
1946,1/25/22 6:10,23.484,0,,,,,
1947,1/25/22 6:20,23.484,86.1,,,,,
1948,1/25/22 6:30,23.484,226,,,,,
1949,1/25/22 6:40,23.484,462.9,,,,,
1950,1/25/22 6:50,23.484,731.9,,,,,
1951,1/25/22 7:00,23.484,462.9,,,,,
1952,1/25/22 7:10,23.484,473.6,,,,,
1953,1/25/22 7:20,23.581,602.8,,,,,
1954,1/25/22 7:30,23.581,1065.6,,,,,
1955,1/25/22 7:40,23.581,699.7,,,,,
1956,1/25/22 7:50,23.581,1463.9,,,,,
1957,1/25/22 8:00,23.581,3788.9,,,,,
1958,1/25/22 8:10,23.581,1636.1,,,,,
1959,1/25/22 8:20,23.581,1259.4,,,,,
1960,1/25/22 8:30,23.581,1184,,,,,
1961,1/25/22 8:40,23.581,549,,,,,
1962,1/25/22 8:50,23.581,1980.6,,,,,
1963,1/25/22 9:00,23.581,721.2,,,,,
1964,1/25/22 9:10,23.581,1313.2,,,,,
1965,1/25/22 9:20,23.677,2411.1,,,,,
1966,1/25/22 9:30,23.581,1334.7,,,,,
1967,1/25/22 9:40,23.677,2152.8,,,,,
1968,1/25/22 9:50,23.677,2497.2,,,,,
1969,1/25/22 10:00,23.581,1334.7,,,,,
1970,1/25/22 10:10,23.677,1636.1,,,,,
1971,1/25/22 10:20,23.869,8266.7,,,,,
1972,1/25/22 10:30,24.062,16533.4,,,,,
1973,1/25/22 10:40,24.255,14466.8,,,,,
1974,1/25/22 10:50,24.158,4650,,,,,
1975,1/25/22 11:00,24.351,5166.7,,,,,
1976,1/25/22 11:10,24.255,4305.6,,,,,
1977,1/25/22 11:20,24.448,4650,,,,,
1978,1/25/22 11:30,24.545,4994.5,,,,,
1979,1/25/22 11:40,24.351,5511.1,,,,,
1980,1/25/22 11:50,24.255,5166.7,,,,,
1981,1/25/22 12:00,24.351,5166.7,,,,,
1982,1/25/22 12:10,24.545,4477.8,,,,,
1983,1/25/22 12:20,24.738,2755.6,,,,,
1984,1/25/22 12:30,24.835,2927.8,,,,,
1985,1/25/22 12:40,24.931,2927.8,,,,,
1986,1/25/22 12:50,25.416,2066.7,,,,,
1987,1/25/22 13:00,25.61,2325,,,,,
1988,1/25/22 13:10,25.708,2152.8,,,,,
1989,1/25/22 13:20,25.708,2325,,,,,
1990,1/25/22 13:30,25.708,2152.8,,,,,
1991,1/25/22 13:40,25.708,1980.6,,,,,
1992,1/25/22 13:50,25.805,2325,,,,,
1993,1/25/22 14:00,25.902,2152.8,,,,,
1994,1/25/22 14:10,26,2238.9,,,,,
1995,1/25/22 14:20,26,1636.1,,,,,
1996,1/25/22 14:30,26,1808.3,,,,,
1997,1/25/22 14:40,26,1722.2,,,,,
1998,1/25/22 14:50,26.097,1377.8,,,,,
1999,1/25/22 15:00,25.902,1463.9,,,,,
2000,1/25/22 15:10,26,1463.9,,,,,
2001,1/25/22 15:20,25.902,1377.8,,,,,
2002,1/25/22 15:30,25.902,1130.2,,,,,
2003,1/25/22 15:40,25.805,958,,,,,
2004,1/25/22 15:50,25.708,775,,,,,
2005,1/25/22 16:00,25.416,731.9,,,,,
2006,1/25/22 16:10,25.319,570.5,,,,,
2007,1/25/22 16:20,25.222,570.5,,,,,
2008,1/25/22 16:30,24.931,527.4,,,,,
2009,1/25/22 16:40,24.835,441.3,,,,,
2010,1/25/22 16:50,24.641,398.3,,,,,
2011,1/25/22 17:00,24.351,322.9,,,,,
2012,1/25/22 17:10,24.448,269.1,,,,,
2013,1/25/22 17:20,24.158,204.5,,,,,
2014,1/25/22 17:30,24.062,183,,,,,
2015,1/25/22 17:40,24.062,107.6,,,,,
2016,1/25/22 17:50,23.966,96.9,,,,,
2017,1/25/22 18:00,23.869,53.8,,,,,
2018,1/25/22 18:10,23.869,21.5,,,,,
2019,1/25/22 18:20,23.773,0,,,,,
2020,1/25/22 18:30,23.773,0,,,,,
2021,1/25/22 18:40,23.773,0,,,,,
2022,1/25/22 18:50,23.773,0,,,,,
2023,1/25/22 19:00,23.773,0,,,,,
2024,1/25/22 19:10,23.773,0,,,,,
2025,1/25/22 19:20,23.773,0,,,,,
2026,1/25/22 19:30,23.773,0,,,,,
2027,1/25/22 19:40,23.677,0,,,,,
2028,1/25/22 19:50,23.773,0,,,,,
2029,1/25/22 20:00,23.773,0,,,,,
2030,1/25/22 20:10,23.773,0,,,,,
2031,1/25/22 20:20,23.869,0,,,,,
2032,1/25/22 20:30,23.869,0,,,,,
2033,1/25/22 20:40,23.869,0,,,,,
2034,1/25/22 20:50,23.869,0,,,,,
2035,1/25/22 21:00,23.869,0,,,,,
2036,1/25/22 21:10,23.869,0,,,,,
2037,1/25/22 21:20,23.869,0,,,,,
2038,1/25/22 21:30,23.869,0,,,,,
2039,1/25/22 21:40,23.869,0,,,,,
2040,1/25/22 21:50,23.869,0,,,,,
2041,1/25/22 22:00,23.869,0,,,,,
2042,1/25/22 22:10,23.869,0,,,,,
2043,1/25/22 22:20,23.869,0,,,,,
2044,1/25/22 22:30,23.869,0,,,,,
2045,1/25/22 22:40,23.869,0,,,,,
2046,1/25/22 22:50,23.773,0,,,,,
2047,1/25/22 23:00,23.773,0,,,,,
2048,1/25/22 23:10,23.773,0,,,,,
2049,1/25/22 23:20,23.773,0,,,,,
2050,1/25/22 23:30,23.773,0,,,,,
2051,1/25/22 23:40,23.773,0,,,,,
2052,1/25/22 23:50,23.773,0,,,,,
2053,1/26/22 0:00,23.773,0,,,,,
2054,1/26/22 0:10,23.773,0,,,,,
2055,1/26/22 0:20,23.773,0,,,,,
2056,1/26/22 0:30,23.773,0,,,,,
2057,1/26/22 0:40,23.773,0,,,,,
2058,1/26/22 0:50,23.773,0,,,,,
2059,1/26/22 1:00,23.773,0,,,,,
2060,1/26/22 1:10,23.773,0,,,,,
2061,1/26/22 1:20,23.773,0,,,,,
2062,1/26/22 1:30,23.773,0,,,,,
2063,1/26/22 1:40,23.773,0,,,,,
2064,1/26/22 1:50,23.773,0,,,,,
2065,1/26/22 2:00,23.773,0,,,,,
2066,1/26/22 2:10,23.773,0,,,,,
2067,1/26/22 2:20,23.773,0,,,,,
2068,1/26/22 2:30,23.773,0,,,,,
2069,1/26/22 2:40,23.773,0,,,,,
2070,1/26/22 2:50,23.773,0,,,,,
2071,1/26/22 3:00,23.773,0,,,,,
2072,1/26/22 3:10,23.773,0,,,,,
2073,1/26/22 3:20,23.773,0,,,,,
2074,1/26/22 3:30,23.773,0,,,,,
2075,1/26/22 3:40,23.869,0,,,,,
2076,1/26/22 3:50,23.773,0,,,,,
2077,1/26/22 4:00,23.773,0,,,,,
2078,1/26/22 4:10,23.773,0,,,,,
2079,1/26/22 4:20,23.677,0,,,,,
2080,1/26/22 4:30,23.677,0,,,,,
2081,1/26/22 4:40,23.677,0,,,,,
2082,1/26/22 4:50,23.677,0,,,,,
2083,1/26/22 5:00,23.677,0,,,,,
2084,1/26/22 5:10,23.677,0,,,,,
2085,1/26/22 5:20,23.677,0,,,,,
2086,1/26/22 5:30,23.581,0,,,,,
2087,1/26/22 5:40,23.581,0,,,,,
2088,1/26/22 5:50,23.484,0,,,,,
2089,1/26/22 6:00,23.388,0,,,,,
2090,1/26/22 6:10,23.388,0,,,,,
2091,1/26/22 6:20,23.292,32.3,,,,,
2092,1/26/22 6:30,23.388,107.6,,,,,
2093,1/26/22 6:40,23.388,183,,,,,
2094,1/26/22 6:50,23.388,376.7,,,,,
2095,1/26/22 7:00,23.388,635.1,,,,,
2096,1/26/22 7:10,23.388,968.8,,,,,
2097,1/26/22 7:20,23.484,1119.5,,,,,
2098,1/26/22 7:30,23.484,1087.2,,,,,
2099,1/26/22 7:40,23.484,1550,,,,,
2100,1/26/22 7:50,23.484,2755.6,,,,,
2101,1/26/22 8:00,23.388,2583.4,,,,,
2102,1/26/22 8:10,23.484,2927.8,,,,,
2103,1/26/22 8:20,23.484,3961.1,,,,,
2104,1/26/22 8:30,23.581,6200,,,,,
2105,1/26/22 8:40,23.773,12400.1,,,,,
2106,1/26/22 8:50,23.677,10333.4,,,,,
2107,1/26/22 9:00,23.677,19289,,,,,
2108,1/26/22 9:10,23.773,19977.9,,,,,
2109,1/26/22 9:20,23.773,17222.3,,,,,
2110,1/26/22 9:30,23.773,13777.9,,,,,
2111,1/26/22 9:40,23.869,15155.7,,,,,
2112,1/26/22 9:50,23.773,16533.4,,,,,
2113,1/26/22 10:00,23.773,13777.9,,,,,
2114,1/26/22 10:10,23.869,23422.4,,,,,
2115,1/26/22 10:20,23.869,20666.8,,,,,
2116,1/26/22 10:30,23.869,22044.6,,,,,
2117,1/26/22 10:40,23.869,22044.6,,,,,
2118,1/26/22 10:50,23.773,38578,,,,,
2119,1/26/22 11:00,23.966,20666.8,,,,,
2120,1/26/22 11:10,24.062,18600.1,,,,,
2121,1/26/22 11:20,24.062,11711.2,,,,,
2122,1/26/22 11:30,24.158,6544.5,,,,,
2123,1/26/22 11:40,24.255,19289,,,,,
2124,1/26/22 11:50,24.255,15155.7,,,,,
2125,1/26/22 12:00,24.255,13089,,,,,
2126,1/26/22 12:10,24.351,20666.8,,,,,
2127,1/26/22 12:20,24.448,11711.2,,,,,
2128,1/26/22 12:30,24.448,9644.5,,,,,
2129,1/26/22 12:40,24.448,11711.2,,,,,
2130,1/26/22 12:50,24.448,12400.1,,,,,
2131,1/26/22 13:00,24.351,11022.3,,,,,
2132,1/26/22 13:10,24.448,10333.4,,,,,
2133,1/26/22 13:20,24.448,11711.2,,,,,
2134,1/26/22 13:30,24.448,8266.7,,,,,
2135,1/26/22 13:40,24.448,8266.7,,,,,
2136,1/26/22 13:50,24.545,9644.5,,,,,
2137,1/26/22 14:00,24.545,7233.4,,,,,
2138,1/26/22 14:10,24.641,5511.1,,,,,
2139,1/26/22 14:20,24.641,5338.9,,,,,
2140,1/26/22 14:30,24.641,5166.7,,,,,
2141,1/26/22 14:40,24.738,5511.1,,,,,
2142,1/26/22 14:50,24.738,5166.7,,,,,
2143,1/26/22 15:00,24.738,4650,,,,,
2144,1/26/22 15:10,24.641,4305.6,,,,,
2145,1/26/22 15:20,24.641,3788.9,,,,,
2146,1/26/22 15:30,24.738,3616.7,,,,,
2147,1/26/22 15:40,24.931,2238.9,,,,,
2148,1/26/22 15:50,24.835,2669.5,,,,,
2149,1/26/22 16:00,24.835,3616.7,,,,,
2150,1/26/22 16:10,24.738,1894.5,,,,,
2151,1/26/22 16:20,24.738,1894.5,,,,,
2152,1/26/22 16:30,24.738,1550,,,,,
2153,1/26/22 16:40,24.738,2238.9,,,,,
2154,1/26/22 16:50,24.738,1377.8,,,,,
2155,1/26/22 17:00,24.641,1108.7,,,,,
2156,1/26/22 17:10,24.545,807.3,,,,,
2157,1/26/22 17:20,24.545,559.7,,,,,
2158,1/26/22 17:30,24.448,452.1,,,,,
2159,1/26/22 17:40,24.448,312.2,,,,,
2160,1/26/22 17:50,24.448,193.8,,,,,
2161,1/26/22 18:00,24.255,86.1,,,,,
2162,1/26/22 18:10,24.158,21.5,,,,,
2163,1/26/22 18:20,24.158,0,,,,,
2164,1/26/22 18:30,24.062,0,,,,,
2165,1/26/22 18:40,23.966,0,,,,,
2166,1/26/22 18:50,24.062,0,,,,,
2167,1/26/22 19:00,24.062,0,,,,,
2168,1/26/22 19:10,23.966,0,,,,,
2169,1/26/22 19:20,23.966,0,,,,,
2170,1/26/22 19:30,24.062,0,,,,,
2171,1/26/22 19:40,24.062,0,,,,,
2172,1/26/22 19:50,24.158,0,,,,,
2173,1/26/22 20:00,24.062,0,,,,,
2174,1/26/22 20:10,23.869,0,,,,,
2175,1/26/22 20:20,23.677,0,,,,,
2176,1/26/22 20:30,23.677,0,,,,,
2177,1/26/22 20:40,23.677,0,,,,,
2178,1/26/22 20:50,23.581,0,,,,,
2179,1/26/22 21:00,23.581,0,,,,,
2180,1/26/22 21:10,23.581,0,,,,,
2181,1/26/22 21:20,23.484,0,,,,,
2182,1/26/22 21:30,23.484,0,,,,,
2183,1/26/22 21:40,23.484,0,,,,,
2184,1/26/22 21:50,23.484,0,,,,,
2185,1/26/22 22:00,23.388,0,,,,,
2186,1/26/22 22:10,23.388,0,,,,,
2187,1/26/22 22:20,23.388,0,,,,,
2188,1/26/22 22:30,23.388,0,,,,,
2189,1/26/22 22:40,23.388,0,,,,,
2190,1/26/22 22:50,23.292,0,,,,,
2191,1/26/22 23:00,23.292,0,,,,,
2192,1/26/22 23:10,23.292,0,,,,,
2193,1/26/22 23:20,23.292,0,,,,,
2194,1/26/22 23:30,23.292,0,,,,,
2195,1/26/22 23:40,23.292,0,,,,,
2196,1/26/22 23:50,23.292,0,,,,,
2197,1/27/22 0:00,23.292,0,,,,,
2198,1/27/22 0:10,23.292,0,,,,,
2199,1/27/22 0:20,23.292,0,,,,,
2200,1/27/22 0:30,23.196,0,,,,,
2201,1/27/22 0:40,23.196,0,,,,,
2202,1/27/22 0:50,23.196,0,,,,,
2203,1/27/22 1:00,23.196,0,,,,,
2204,1/27/22 1:10,23.196,0,,,,,
2205,1/27/22 1:20,23.196,0,,,,,
2206,1/27/22 1:30,23.196,0,,,,,
2207,1/27/22 1:40,23.196,0,,,,,
2208,1/27/22 1:50,23.196,0,,,,,
2209,1/27/22 2:00,23.292,0,,,,,
2210,1/27/22 2:10,23.292,0,,,,,
2211,1/27/22 2:20,23.196,0,,,,,
2212,1/27/22 2:30,23.196,0,,,,,
2213,1/27/22 2:40,23.1,0,,,,,
2214,1/27/22 2:50,23.196,0,,,,,
2215,1/27/22 3:00,23.292,0,,,,,
2216,1/27/22 3:10,23.292,0,,,,,
2217,1/27/22 3:20,23.388,0,,,,,
2218,1/27/22 3:30,23.388,0,,,,,
2219,1/27/22 3:40,23.388,0,,,,,
2220,1/27/22 3:50,23.388,0,,,,,
2221,1/27/22 4:00,23.388,0,,,,,
2222,1/27/22 4:10,23.388,0,,,,,
2223,1/27/22 4:20,23.388,0,,,,,
2224,1/27/22 4:30,23.388,0,,,,,
2225,1/27/22 4:40,23.292,0,,,,,
2226,1/27/22 4:50,23.292,0,,,,,
2227,1/27/22 5:00,23.388,0,,,,,
2228,1/27/22 5:10,23.292,0,,,,,
2229,1/27/22 5:20,23.196,0,,,,,
2230,1/27/22 5:30,23.196,0,,,,,
2231,1/27/22 5:40,23.196,0,,,,,
2232,1/27/22 5:50,23.1,0,,,,,
2233,1/27/22 6:00,23.1,0,,,,,
2234,1/27/22 6:10,23.004,10.8,,,,,
2235,1/27/22 6:20,23.004,183,,,,,
2236,1/27/22 6:30,23.004,505.9,,,,,
2237,1/27/22 6:40,22.908,990.3,,,,,
2238,1/27/22 6:50,22.812,1550,,,,,
2239,1/27/22 7:00,22.812,2325,,,,,
2240,1/27/22 7:10,22.717,3961.1,,,,,
2241,1/27/22 7:20,22.717,4305.6,,,,,
2242,1/27/22 7:30,22.621,2927.8,,,,,
2243,1/27/22 7:40,22.621,2497.2,,,,,
2244,1/27/22 7:50,22.621,2152.8,,,,,
2245,1/27/22 8:00,22.525,2927.8,,,,,
2246,1/27/22 8:10,22.525,8611.2,,,,,
2247,1/27/22 8:20,22.717,7577.8,,,,,
2248,1/27/22 8:30,22.812,9300.1,,,,,
2249,1/27/22 8:40,22.812,9300.1,,,,,
2250,1/27/22 8:50,23.004,13089,,,,,
2251,1/27/22 9:00,23.004,10333.4,,,,,
2252,1/27/22 9:10,23.1,12400.1,,,,,
2253,1/27/22 9:20,23.004,11022.3,,,,,
2254,1/27/22 9:30,23.1,27555.7,,,,,
2255,1/27/22 9:40,23.1,12400.1,,,,,
2256,1/27/22 9:50,23.004,8611.2,,,,,
2257,1/27/22 10:00,22.908,14466.8,,,,,
2258,1/27/22 10:10,22.621,16533.4,,,,,
2259,1/27/22 10:20,22.525,22044.6,,,,,
2260,1/27/22 10:30,22.429,9644.5,,,,,
2261,1/27/22 10:40,22.908,44089.2,,,,,
2262,1/27/22 10:50,23.1,9300.1,,,,,
2263,1/27/22 11:00,23.196,19977.9,,,,,
2264,1/27/22 11:10,23.292,9300.1,,,,,
2265,1/27/22 11:20,23.196,5511.1,,,,,
2266,1/27/22 11:30,23.196,8266.7,,,,,
2267,1/27/22 11:40,23.292,8266.7,,,,,
2268,1/27/22 11:50,23.196,8266.7,,,,,
2269,1/27/22 12:00,23.004,6200,,,,,
2270,1/27/22 12:10,23.1,8266.7,,,,,
2271,1/27/22 12:20,23.292,5166.7,,,,,
2272,1/27/22 12:30,23.1,6200,,,,,
2273,1/27/22 12:40,23.292,4822.3,,,,,
2274,1/27/22 12:50,23.292,4305.6,,,,,
2275,1/27/22 13:00,23.292,4133.4,,,,,
2276,1/27/22 13:10,23.292,3272.2,,,,,
2277,1/27/22 13:20,23.1,5166.7,,,,,
2278,1/27/22 13:30,23.1,3444.5,,,,,
2279,1/27/22 13:40,23.1,4133.4,,,,,
2280,1/27/22 13:50,23.1,2583.4,,,,,
2281,1/27/22 14:00,23.196,2583.4,,,,,
2282,1/27/22 14:10,23.196,2325,,,,,
2283,1/27/22 14:20,23.196,2152.8,,,,,
2284,1/27/22 14:30,23.196,2152.8,,,,,
2285,1/27/22 14:40,23.292,1980.6,,,,,
2286,1/27/22 14:50,23.388,2325,,,,,
2287,1/27/22 15:00,23.388,2152.8,,,,,
2288,1/27/22 15:10,23.388,2152.8,,,,,
2289,1/27/22 15:20,23.484,2238.9,,,,,
2290,1/27/22 15:30,23.484,1636.1,,,,,
2291,1/27/22 15:40,23.484,1550,,,,,
2292,1/27/22 15:50,23.484,1808.3,,,,,
2293,1/27/22 16:00,23.581,1808.3,,,,,
2294,1/27/22 16:10,23.581,1808.3,,,,,
2295,1/27/22 16:20,23.581,1894.5,,,,,
2296,1/27/22 16:30,23.581,1550,,,,,
2297,1/27/22 16:40,23.581,1550,,,,,
2298,1/27/22 16:50,23.581,1259.4,,,,,
2299,1/27/22 17:00,23.581,1270.1,,,,,
2300,1/27/22 17:10,23.581,947.2,,,,,
2301,1/27/22 17:20,23.484,839.6,,,,,
2302,1/27/22 17:30,23.484,699.7,,,,,
2303,1/27/22 17:40,23.388,441.3,,,,,
2304,1/27/22 17:50,23.292,290.6,,,,,
2305,1/27/22 18:00,23.1,161.5,,,,,
2306,1/27/22 18:10,23.004,64.6,,,,,
2307,1/27/22 18:20,22.812,0,,,,,
2308,1/27/22 18:30,22.908,0,,,,,
2309,1/27/22 18:40,22.812,0,,,,,
2310,1/27/22 18:50,22.812,0,,,,,
2311,1/27/22 19:00,22.812,0,,,,,
2312,1/27/22 19:10,22.812,0,,,,,
2313,1/27/22 19:20,22.812,0,,,,,
2314,1/27/22 19:30,22.812,0,,,,,
2315,1/27/22 19:40,22.812,0,,,,,
2316,1/27/22 19:50,22.717,0,,,,,
2317,1/27/22 20:00,22.717,0,,,,,
2318,1/27/22 20:10,22.717,0,,,,,
2319,1/27/22 20:20,22.621,0,,,,,
2320,1/27/22 20:30,22.525,0,,,,,
2321,1/27/22 20:40,22.621,0,,,,,
2322,1/27/22 20:50,22.621,0,,,,,
2323,1/27/22 21:00,22.621,0,,,,,
2324,1/27/22 21:10,22.621,0,,,,,
2325,1/27/22 21:20,22.621,0,,,,,
2326,1/27/22 21:30,22.525,0,,,,,
2327,1/27/22 21:40,22.525,0,,,,,
2328,1/27/22 21:50,22.525,0,,,,,
2329,1/27/22 22:00,22.525,0,,,,,
2330,1/27/22 22:10,22.525,0,,,,,
2331,1/27/22 22:20,22.525,0,,,,,
2332,1/27/22 22:30,22.525,0,,,,,
2333,1/27/22 22:40,22.525,0,,,,,
2334,1/27/22 22:50,22.429,0,,,,,
2335,1/27/22 23:00,22.429,0,,,,,
2336,1/27/22 23:10,22.429,0,,,,,
2337,1/27/22 23:20,22.429,0,,,,,
2338,1/27/22 23:30,22.429,0,,,,,
2339,1/27/22 23:40,22.429,0,,,,,
2340,1/27/22 23:50,22.429,0,,,,,
2341,1/28/22 0:00,22.429,0,,,,,
2342,1/28/22 0:10,22.429,0,,,,,
2343,1/28/22 0:20,22.429,0,,,,,
2344,1/28/22 0:30,22.525,0,,,,,
2345,1/28/22 0:40,22.525,0,,,,,
2346,1/28/22 0:50,22.525,0,,,,,
2347,1/28/22 1:00,22.525,0,,,,,
2348,1/28/22 1:10,22.525,0,,,,,
2349,1/28/22 1:20,22.621,0,,,,,
2350,1/28/22 1:30,22.525,0,,,,,
2351,1/28/22 1:40,22.525,0,,,,,
2352,1/28/22 1:50,22.525,0,,,,,
2353,1/28/22 2:00,22.525,0,,,,,
2354,1/28/22 2:10,22.525,0,,,,,
2355,1/28/22 2:20,22.525,0,,,,,
2356,1/28/22 2:30,22.525,0,,,,,
2357,1/28/22 2:40,22.525,0,,,,,
2358,1/28/22 2:50,22.525,0,,,,,
2359,1/28/22 3:00,22.525,0,,,,,
2360,1/28/22 3:10,22.525,0,,,,,
2361,1/28/22 3:20,22.525,0,,,,,
2362,1/28/22 3:30,22.429,0,,,,,
2363,1/28/22 3:40,22.429,0,,,,,
2364,1/28/22 3:50,22.429,0,,,,,
2365,1/28/22 4:00,22.429,0,,,,,
2366,1/28/22 4:10,22.429,0,,,,,
2367,1/28/22 4:20,22.429,0,,,,,
2368,1/28/22 4:30,22.429,0,,,,,
2369,1/28/22 4:40,22.429,0,,,,,
2370,1/28/22 4:50,22.429,0,,,,,
2371,1/28/22 5:00,22.429,0,,,,,
2372,1/28/22 5:10,22.429,0,,,,,
2373,1/28/22 5:20,22.429,0,,,,,
2374,1/28/22 5:30,22.429,0,,,,,
2375,1/28/22 5:40,22.429,0,,,,,
2376,1/28/22 5:50,22.429,0,,,,,
2377,1/28/22 6:00,22.429,0,,,,,
2378,1/28/22 6:10,22.429,53.8,,,,,
2379,1/28/22 6:20,22.429,215.3,,,,,
2380,1/28/22 6:30,22.429,495.1,,,,,
2381,1/28/22 6:40,22.429,1345.5,,,,,
2382,1/28/22 6:50,22.525,1280.9,,,,,
2383,1/28/22 7:00,22.429,1463.9,,,,,
2384,1/28/22 7:10,22.525,4477.8,,,,,
2385,1/28/22 7:20,22.621,4650,,,,,
2386,1/28/22 7:30,22.621,6200,,,,,
2387,1/28/22 7:40,22.717,6200,,,,,
2388,1/28/22 7:50,22.717,7577.8,,,,,
2389,1/28/22 8:00,22.717,11711.2,,,,,
2390,1/28/22 8:10,22.621,6544.5,,,,,
2391,1/28/22 8:20,22.621,8611.2,,,,,
2392,1/28/22 8:30,22.621,30311.3,,,,,
2393,1/28/22 8:40,22.525,22044.6,,,,,
2394,1/28/22 8:50,22.621,9644.5,,,,,
2395,1/28/22 9:00,22.621,13089,,,,,
2396,1/28/22 9:10,22.717,24800.2,,,,,
2397,1/28/22 9:20,22.717,8611.2,,,,,
2398,1/28/22 9:30,22.812,11022.3,,,,,
2399,1/28/22 9:40,22.908,12400.1,,,,,
2400,1/28/22 9:50,22.812,13089,,,,,
2401,1/28/22 10:00,22.429,4477.8,,,,,
2402,1/28/22 10:10,22.717,13089,,,,,
2403,1/28/22 10:20,22.717,17911.2,,,,,
2404,1/28/22 10:30,22.717,14466.8,,,,,
2405,1/28/22 10:40,22.717,7233.4,,,,,
2406,1/28/22 10:50,22.621,18600.1,,,,,
2407,1/28/22 11:00,22.429,11022.3,,,,,
2408,1/28/22 11:10,22.525,20666.8,,,,,
2409,1/28/22 11:20,22.621,10677.8,,,,,
2410,1/28/22 11:30,22.333,7577.8,,,,,
2411,1/28/22 11:40,22.429,8266.7,,,,,
2412,1/28/22 11:50,22.621,9644.5,,,,,
2413,1/28/22 12:00,22.621,7577.8,,,,,
2414,1/28/22 12:10,22.525,9300.1,,,,,
2415,1/28/22 12:20,22.621,5511.1,,,,,
2416,1/28/22 12:30,22.621,9644.5,,,,,
2417,1/28/22 12:40,22.621,6200,,,,,
2418,1/28/22 12:50,22.621,5166.7,,,,,
2419,1/28/22 13:00,22.621,8266.7,,,,,
2420,1/28/22 13:10,22.525,5166.7,,,,,
2421,1/28/22 13:20,22.621,5166.7,,,,,
2422,1/28/22 13:30,22.621,3616.7,,,,,
2423,1/28/22 13:40,22.717,3616.7,,,,,
2424,1/28/22 13:50,22.717,2755.6,,,,,
2425,1/28/22 14:00,22.812,2755.6,,,,,
2426,1/28/22 14:10,22.812,2583.4,,,,,
2427,1/28/22 14:20,22.812,2066.7,,,,,
2428,1/28/22 14:30,22.812,2152.8,,,,,
2429,1/28/22 14:40,22.908,2152.8,,,,,
2430,1/28/22 14:50,23.004,3272.2,,,,,
2431,1/28/22 15:00,23.004,2411.1,,,,,
2432,1/28/22 15:10,23.004,2325,,,,,
2433,1/28/22 15:20,23.004,2669.5,,,,,
2434,1/28/22 15:30,23.1,2325,,,,,
2435,1/28/22 15:40,23.004,1808.3,,,,,
2436,1/28/22 15:50,23.1,1980.6,,,,,
2437,1/28/22 16:00,23.1,1894.5,,,,,
2438,1/28/22 16:10,23.1,1980.6,,,,,
2439,1/28/22 16:20,23.1,1980.6,,,,,
2440,1/28/22 16:30,23.1,1808.3,,,,,
2441,1/28/22 16:40,23.004,1636.1,,,,,
2442,1/28/22 16:50,23.004,1377.8,,,,,
2443,1/28/22 17:00,23.004,1205.6,,,,,
2444,1/28/22 17:10,23.004,828.8,,,,,
2445,1/28/22 17:20,23.004,624.3,,,,,
2446,1/28/22 17:30,23.004,516.7,,,,,
2447,1/28/22 17:40,23.004,376.7,,,,,
2448,1/28/22 17:50,23.004,269.1,,,,,
2449,1/28/22 18:00,23.004,96.9,,,,,
2450,1/28/22 18:10,23.004,53.8,,,,,
2451,1/28/22 18:20,23.004,10.8,,,,,
2452,1/28/22 18:30,23.004,0,,,,,
2453,1/28/22 18:40,23.004,0,,,,,
2454,1/28/22 18:50,23.004,0,,,,,
2455,1/28/22 19:00,22.908,0,,,,,
2456,1/28/22 19:10,22.908,0,,,,,
2457,1/28/22 19:20,22.812,0,,,,,
2458,1/28/22 19:30,22.621,0,,,,,
2459,1/28/22 19:40,22.621,0,,,,,
2460,1/28/22 19:50,22.525,0,,,,,
2461,1/28/22 20:00,22.429,0,,,,,
2462,1/28/22 20:10,22.333,0,,,,,
2463,1/28/22 20:20,22.142,0,,,,,
2464,1/28/22 20:30,22.238,0,,,,,
2465,1/28/22 20:40,22.238,0,,,,,
2466,1/28/22 20:50,22.238,0,,,,,
2467,1/28/22 21:00,22.333,0,,,,,
2468,1/28/22 21:10,22.333,0,,,,,
2469,1/28/22 21:20,22.333,0,,,,,
2470,1/28/22 21:30,22.333,0,,,,,
2471,1/28/22 21:40,22.333,0,,,,,
2472,1/28/22 21:50,22.429,0,,,,,
2473,1/28/22 22:00,22.333,0,,,,,
2474,1/28/22 22:10,22.238,0,,,,,
2475,1/28/22 22:20,22.238,0,,,,,
2476,1/28/22 22:30,22.238,0,,,,,
2477,1/28/22 22:40,22.142,0,,,,,
2478,1/28/22 22:50,22.238,0,,,,,
2479,1/28/22 23:00,22.142,0,,,,,
2480,1/28/22 23:10,22.238,0,,,,,
2481,1/28/22 23:20,22.238,0,,,,,
2482,1/28/22 23:30,22.333,0,,,,,
2483,1/28/22 23:40,22.429,0,,,,,
2484,1/28/22 23:50,22.429,0,,,,,
2485,1/29/22 0:00,22.429,0,,,,,
2486,1/29/22 0:10,22.333,0,,,,,
2487,1/29/22 0:20,22.429,0,,,,,
2488,1/29/22 0:30,22.333,0,,,,,
2489,1/29/22 0:40,22.429,0,,,,,
2490,1/29/22 0:50,22.525,0,,,,,
2491,1/29/22 1:00,22.429,0,,,,,
2492,1/29/22 1:10,22.621,0,,,,,
2493,1/29/22 1:20,22.525,0,,,,,
2494,1/29/22 1:30,22.621,0,,,,,
2495,1/29/22 1:40,22.717,0,,,,,
2496,1/29/22 1:50,22.621,0,,,,,
2497,1/29/22 2:00,22.717,0,,,,,
2498,1/29/22 2:10,22.621,0,,,,,
2499,1/29/22 2:20,22.621,0,,,,,
2500,1/29/22 2:30,22.621,0,,,,,
2501,1/29/22 2:40,22.621,0,,,,,
2502,1/29/22 2:50,22.525,0,,,,,
2503,1/29/22 3:00,22.525,0,,,,,
2504,1/29/22 3:10,22.525,0,,,,,
2505,1/29/22 3:20,22.621,0,,,,,
2506,1/29/22 3:30,22.525,0,,,,,
2507,1/29/22 3:40,22.525,0,,,,,
2508,1/29/22 3:50,22.525,0,,,,,
2509,1/29/22 4:00,22.525,0,,,,,
2510,1/29/22 4:10,22.525,0,,,,,
2511,1/29/22 4:20,22.525,0,,,,,
2512,1/29/22 4:30,22.525,0,,,,,
2513,1/29/22 4:40,22.525,0,,,,,
2514,1/29/22 4:50,22.525,0,,,,,
2515,1/29/22 5:00,22.525,0,,,,,
2516,1/29/22 5:10,22.525,0,,,,,
2517,1/29/22 5:20,22.525,0,,,,,
2518,1/29/22 5:30,22.525,0,,,,,
2519,1/29/22 5:40,22.525,0,,,,,
2520,1/29/22 5:50,22.525,0,,,,,
2521,1/29/22 6:00,22.525,0,,,,,
2522,1/29/22 6:10,22.525,53.8,,,,,
2523,1/29/22 6:20,22.525,269.1,,,,,
2524,1/29/22 6:30,22.525,570.5,,,,,
2525,1/29/22 6:40,22.525,990.3,,,,,
2526,1/29/22 6:50,22.525,688.9,,,,,
2527,1/29/22 7:00,22.621,1550,,,,,
2528,1/29/22 7:10,22.621,4305.6,,,,,
2529,1/29/22 7:20,22.717,2927.8,,,,,
2530,1/29/22 7:30,22.717,3788.9,,,,,
2531,1/29/22 7:40,22.717,3100,,,,,
2532,1/29/22 7:50,22.812,3100,,,,,
2533,1/29/22 8:00,22.812,2927.8,,,,,
2534,1/29/22 8:10,22.812,2755.6,,,,,
2535,1/29/22 8:20,22.812,2755.6,,,,,
2536,1/29/22 8:30,22.812,2927.8,,,,,
2537,1/29/22 8:40,22.812,2497.2,,,,,
2538,1/29/22 8:50,22.812,3961.1,,,,,
2539,1/29/22 9:00,22.908,6544.5,,,,,
2540,1/29/22 9:10,22.908,7577.8,,,,,
2541,1/29/22 9:20,22.621,4650,,,,,
2542,1/29/22 9:30,22.621,6544.5,,,,,
2543,1/29/22 9:40,22.717,11711.2,,,,,
2544,1/29/22 9:50,22.908,18600.1,,,,,
2545,1/29/22 10:00,22.908,13777.9,,,,,
2546,1/29/22 10:10,22.908,26178,,,,,
2547,1/29/22 10:20,23.004,11711.2,,,,,
2548,1/29/22 10:30,23.004,24800.2,,,,,
2549,1/29/22 10:40,22.812,16533.4,,,,,
2550,1/29/22 10:50,22.717,9300.1,,,,,
2551,1/29/22 11:00,22.717,12400.1,,,,,
2552,1/29/22 11:10,22.812,14466.8,,,,,
2553,1/29/22 11:20,22.908,15844.5,,,,,
2554,1/29/22 11:30,22.908,9300.1,,,,,
2555,1/29/22 11:40,22.812,14466.8,,,,,
2556,1/29/22 11:50,22.812,10333.4,,,,,
2557,1/29/22 12:00,22.812,8611.2,,,,,
2558,1/29/22 12:10,22.812,12400.1,,,,,
2559,1/29/22 12:20,22.621,5511.1,,,,,
2560,1/29/22 12:30,22.812,10677.8,,,,,
2561,1/29/22 12:40,22.812,5511.1,,,,,
2562,1/29/22 12:50,22.908,6200,,,,,
2563,1/29/22 13:00,22.908,5166.7,,,,,
2564,1/29/22 13:10,22.812,5166.7,,,,,
2565,1/29/22 13:20,22.908,5166.7,,,,,
2566,1/29/22 13:30,23.004,3961.1,,,,,
2567,1/29/22 13:40,23.1,3616.7,,,,,
2568,1/29/22 13:50,23.1,2755.6,,,,,
2569,1/29/22 14:00,23.292,3100,,,,,
2570,1/29/22 14:10,23.388,2497.2,,,,,
2571,1/29/22 14:20,23.484,2238.9,,,,,
2572,1/29/22 14:30,23.484,2325,,,,,
2573,1/29/22 14:40,23.581,2066.7,,,,,
2574,1/29/22 14:50,23.677,1980.6,,,,,
2575,1/29/22 15:00,23.677,1636.1,,,,,
2576,1/29/22 15:10,23.677,2152.8,,,,,
2577,1/29/22 15:20,23.581,2583.4,,,,,
2578,1/29/22 15:30,23.677,2325,,,,,
2579,1/29/22 15:40,23.581,1550,,,,,
2580,1/29/22 15:50,23.581,1463.9,,,,,
2581,1/29/22 16:00,23.677,1550,,,,,
2582,1/29/22 16:10,23.581,1324,,,,,
2583,1/29/22 16:20,23.581,1216.3,,,,,
2584,1/29/22 16:30,23.581,1130.2,,,,,
2585,1/29/22 16:40,23.581,1097.9,,,,,
2586,1/29/22 16:50,23.581,947.2,,,,,
2587,1/29/22 17:00,23.581,452.1,,,,,
2588,1/29/22 17:10,23.484,721.2,,,,,
2589,1/29/22 17:20,23.388,645.8,,,,,
2590,1/29/22 17:30,23.388,613.5,,,,,
2591,1/29/22 17:40,23.388,462.9,,,,,
2592,1/29/22 17:50,23.388,344.4,,,,,
2593,1/29/22 18:00,23.388,215.3,,,,,
2594,1/29/22 18:10,23.388,118.4,,,,,
2595,1/29/22 18:20,23.388,32.3,,,,,
2596,1/29/22 18:30,23.388,0,,,,,
2597,1/29/22 18:40,23.388,0,,,,,
2598,1/29/22 18:50,23.388,0,,,,,
2599,1/29/22 19:00,23.388,0,,,,,
2600,1/29/22 19:10,23.388,0,,,,,
2601,1/29/22 19:20,23.388,0,,,,,
2602,1/29/22 19:30,23.388,0,,,,,
2603,1/29/22 19:40,23.292,0,,,,,
2604,1/29/22 19:50,23.292,0,,,,,
2605,1/29/22 20:00,23.292,0,,,,,
2606,1/29/22 20:10,23.196,0,,,,,
2607,1/29/22 20:20,23.1,0,,,,,
2608,1/29/22 20:30,22.908,0,,,,,
2609,1/29/22 20:40,22.908,0,,,,,
2610,1/29/22 20:50,22.812,0,,,,,
2611,1/29/22 21:00,22.717,0,,,,,
2612,1/29/22 21:10,22.717,0,,,,,
2613,1/29/22 21:20,22.621,0,,,,,
2614,1/29/22 21:30,22.717,0,,,,,
2615,1/29/22 21:40,22.621,0,,,,,
2616,1/29/22 21:50,22.621,0,,,,,
2617,1/29/22 22:00,22.621,0,,,,,
2618,1/29/22 22:10,22.621,0,,,,,
2619,1/29/22 22:20,22.621,0,,,,,
2620,1/29/22 22:30,22.621,0,,,,,
2621,1/29/22 22:40,22.429,0,,,,,
2622,1/29/22 22:50,22.525,0,,,,,
2623,1/29/22 23:00,22.525,0,,,,,
2624,1/29/22 23:10,22.525,0,,,,,
2625,1/29/22 23:20,22.621,0,,,,,
2626,1/29/22 23:30,22.621,0,,,,,
2627,1/29/22 23:40,22.717,0,,,,,
2628,1/29/22 23:50,22.621,0,,,,,
2629,1/30/22 0:00,22.717,0,,,,,
2630,1/30/22 0:10,22.525,0,,,,,
2631,1/30/22 0:20,22.525,0,,,,,
2632,1/30/22 0:30,22.621,0,,,,,
2633,1/30/22 0:40,22.621,0,,,,,
2634,1/30/22 0:50,22.717,0,,,,,
2635,1/30/22 1:00,22.621,0,,,,,
2636,1/30/22 1:10,22.621,0,,,,,
2637,1/30/22 1:20,22.621,0,,,,,
2638,1/30/22 1:30,22.621,0,,,,,
2639,1/30/22 1:40,22.621,0,,,,,
2640,1/30/22 1:50,22.525,0,,,,,
2641,1/30/22 2:00,22.429,0,,,,,
2642,1/30/22 2:10,22.429,0,,,,,
2643,1/30/22 2:20,22.429,0,,,,,
2644,1/30/22 2:30,22.429,0,,,,,
2645,1/30/22 2:40,22.429,0,,,,,
2646,1/30/22 2:50,22.333,0,,,,,
2647,1/30/22 3:00,22.238,0,,,,,
2648,1/30/22 3:10,22.238,0,,,,,
2649,1/30/22 3:20,22.238,0,,,,,
2650,1/30/22 3:30,22.238,0,,,,,
2651,1/30/22 3:40,22.142,0,,,,,
2652,1/30/22 3:50,22.142,0,,,,,
2653,1/30/22 4:00,22.142,0,,,,,
2654,1/30/22 4:10,22.142,0,,,,,
2655,1/30/22 4:20,22.046,0,,,,,
2656,1/30/22 4:30,22.046,0,,,,,
2657,1/30/22 4:40,22.046,0,,,,,
2658,1/30/22 4:50,22.046,0,,,,,
2659,1/30/22 5:00,22.046,0,,,,,
2660,1/30/22 5:10,22.046,0,,,,,
2661,1/30/22 5:20,22.046,0,,,,,
2662,1/30/22 5:30,22.046,0,,,,,
2663,1/30/22 5:40,22.046,0,,,,,
2664,1/30/22 5:50,22.142,0,,,,,
2665,1/30/22 6:00,22.142,0,,,,,
2666,1/30/22 6:10,22.142,32.3,,,,,
2667,1/30/22 6:20,22.142,139.9,,,,,
2668,1/30/22 6:30,22.142,344.4,,,,,
2669,1/30/22 6:40,22.142,570.5,,,,,
2670,1/30/22 6:50,22.238,1119.5,,,,,
2671,1/30/22 7:00,22.238,2411.1,,,,,
2672,1/30/22 7:10,22.238,3616.7,,,,,
2673,1/30/22 7:20,22.238,1808.3,,,,,
2674,1/30/22 7:30,22.333,6200,,,,,
2675,1/30/22 7:40,22.429,7577.8,,,,,
2676,1/30/22 7:50,22.429,8266.7,,,,,
2677,1/30/22 8:00,22.333,3444.5,,,,,
2678,1/30/22 8:10,22.333,4477.8,,,,,
2679,1/30/22 8:20,22.429,3961.1,,,,,
2680,1/30/22 8:30,22.429,3961.1,,,,,
2681,1/30/22 8:40,22.429,5511.1,,,,,
2682,1/30/22 8:50,22.429,5511.1,,,,,
2683,1/30/22 9:00,22.429,5511.1,,,,,
2684,1/30/22 9:10,22.525,5511.1,,,,,
2685,1/30/22 9:20,22.525,3444.5,,,,,
2686,1/30/22 9:30,22.333,247.6,,,,,
2687,1/30/22 9:40,22.429,419.8,,,,,
2688,1/30/22 9:50,22.429,516.7,,,,,
2689,1/30/22 10:00,22.429,452.1,,,,,
2690,1/30/22 10:10,22.525,785.8,,,,,
2691,1/30/22 10:20,22.525,2927.8,,,,,
2692,1/30/22 10:30,22.621,17222.3,,,,,
2693,1/30/22 10:40,22.525,11022.3,,,,,
2694,1/30/22 10:50,22.525,947.2,,,,,
2695,1/30/22 11:00,22.525,3961.1,,,,,
2696,1/30/22 11:10,22.429,3961.1,,,,,
2697,1/30/22 11:20,22.333,3100,,,,,
2698,1/30/22 11:30,22.238,4822.3,,,,,
2699,1/30/22 11:40,22.238,3272.2,,,,,
2700,1/30/22 11:50,22.046,3100,,,,,
2701,1/30/22 12:00,22.142,3100,,,,,
2702,1/30/22 12:10,22.429,2755.6,,,,,
2703,1/30/22 12:20,22.525,2583.4,,,,,
2704,1/30/22 12:30,22.525,2411.1,,,,,
2705,1/30/22 12:40,22.525,2152.8,,,,,
2706,1/30/22 12:50,22.525,2066.7,,,,,
2707,1/30/22 13:00,22.333,1894.5,,,,,
2708,1/30/22 13:10,22.429,1980.6,,,,,
2709,1/30/22 13:20,22.429,1636.1,,,,,
2710,1/30/22 13:30,22.333,1722.2,,,,,
2711,1/30/22 13:40,22.429,1550,,,,,
2712,1/30/22 13:50,22.525,1463.9,,,,,
2713,1/30/22 14:00,22.621,1636.1,,,,,
2714,1/30/22 14:10,22.621,1636.1,,,,,
2715,1/30/22 14:20,22.717,1550,,,,,
2716,1/30/22 14:30,22.621,1377.8,,,,,
2717,1/30/22 14:40,22.621,1463.9,,,,,
2718,1/30/22 14:50,22.717,1808.3,,,,,
2719,1/30/22 15:00,22.717,1636.1,,,,,
2720,1/30/22 15:10,22.717,1636.1,,,,,
2721,1/30/22 15:20,22.717,1377.8,,,,,
2722,1/30/22 15:30,22.717,1345.5,,,,,
2723,1/30/22 15:40,22.812,1216.3,,,,,
2724,1/30/22 15:50,22.812,1345.5,,,,,
2725,1/30/22 16:00,22.812,1377.8,,,,,
2726,1/30/22 16:10,22.908,1248.6,,,,,
2727,1/30/22 16:20,22.812,1141,,,,,
2728,1/30/22 16:30,22.812,1011.8,,,,,
2729,1/30/22 16:40,22.812,1033.3,,,,,
2730,1/30/22 16:50,22.812,893.4,,,,,
2731,1/30/22 17:00,22.717,688.9,,,,,
2732,1/30/22 17:10,22.717,656.6,,,,,
2733,1/30/22 17:20,22.812,538.2,,,,,
2734,1/30/22 17:30,22.717,387.5,,,,,
2735,1/30/22 17:40,22.717,312.2,,,,,
2736,1/30/22 17:50,22.717,226,,,,,
2737,1/30/22 18:00,22.717,161.5,,,,,
2738,1/30/22 18:10,22.717,53.8,,,,,
2739,1/30/22 18:20,22.717,0,,,,,
2740,1/30/22 18:30,22.717,0,,,,,
2741,1/30/22 18:40,22.812,0,,,,,
2742,1/30/22 18:50,22.717,0,,,,,
2743,1/30/22 19:00,22.717,0,,,,,
2744,1/30/22 19:10,22.717,0,,,,,
2745,1/30/22 19:20,22.717,0,,,,,
2746,1/30/22 19:30,22.812,0,,,,,
2747,1/30/22 19:40,22.812,0,,,,,
2748,1/30/22 19:50,22.812,0,,,,,
2749,1/30/22 20:00,22.812,0,,,,,
2750,1/30/22 20:10,22.812,0,,,,,
2751,1/30/22 20:20,22.812,0,,,,,
2752,1/30/22 20:30,22.812,0,,,,,
2753,1/30/22 20:40,22.717,0,,,,,
2754,1/30/22 20:50,22.717,0,,,,,
2755,1/30/22 21:00,22.812,0,,,,,
2756,1/30/22 21:10,22.812,0,,,,,
2757,1/30/22 21:20,22.812,0,,,,,
2758,1/30/22 21:30,22.812,0,,,,,
2759,1/30/22 21:40,22.812,0,,,,,
2760,1/30/22 21:50,22.812,0,,,,,
2761,1/30/22 22:00,22.812,0,,,,,
2762,1/30/22 22:10,22.812,0,,,,,
2763,1/30/22 22:20,22.812,0,,,,,
2764,1/30/22 22:30,22.812,0,,,,,
2765,1/30/22 22:40,22.908,0,,,,,
2766,1/30/22 22:50,23.004,0,,,,,
2767,1/30/22 23:00,23.004,0,,,,,
2768,1/30/22 23:10,23.004,0,,,,,
2769,1/30/22 23:20,23.004,0,,,,,
2770,1/30/22 23:30,23.004,0,,,,,
2771,1/30/22 23:40,22.717,0,,,,,
2772,1/30/22 23:50,22.525,0,,,,,
2773,1/31/22 0:00,22.525,0,,,,,
2774,1/31/22 0:10,22.429,0,,,,,
2775,1/31/22 0:20,22.333,0,,,,,
2776,1/31/22 0:30,22.429,0,,,,,
2777,1/31/22 0:40,22.429,0,,,,,
2778,1/31/22 0:50,22.333,0,,,,,
2779,1/31/22 1:00,22.429,0,,,,,
2780,1/31/22 1:10,22.429,0,,,,,
2781,1/31/22 1:20,22.429,0,,,,,
2782,1/31/22 1:30,22.621,0,,,,,
2783,1/31/22 1:40,22.525,0,,,,,
2784,1/31/22 1:50,22.717,0,,,,,
2785,1/31/22 2:00,22.717,0,,,,,
2786,1/31/22 2:10,22.621,0,,,,,
2787,1/31/22 2:20,22.525,0,,,,,
2788,1/31/22 2:30,22.525,0,,,,,
2789,1/31/22 2:40,22.525,0,,,,,
2790,1/31/22 2:50,22.429,0,,,,,
2791,1/31/22 3:00,22.429,0,,,,,
2792,1/31/22 3:10,22.429,0,,,,,
2793,1/31/22 3:20,22.429,0,,,,,
2794,1/31/22 3:30,22.525,0,,,,,
2795,1/31/22 3:40,22.429,0,,,,,
2796,1/31/22 3:50,22.429,0,,,,,
2797,1/31/22 4:00,22.429,0,,,,,
2798,1/31/22 4:10,22.333,0,,,,,
2799,1/31/22 4:20,22.429,0,,,,,
2800,1/31/22 4:30,22.429,0,,,,,
2801,1/31/22 4:40,22.333,0,,,,,
2802,1/31/22 4:50,22.333,0,,,,,
2803,1/31/22 5:00,22.429,0,,,,,
2804,1/31/22 5:10,22.429,0,,,,,
2805,1/31/22 5:20,22.333,0,,,,,
2806,1/31/22 5:30,22.333,0,,,,,
2807,1/31/22 5:40,22.333,0,,,,,
2808,1/31/22 5:50,22.429,0,,,,,
2809,1/31/22 6:00,22.429,0,,,,,
2810,1/31/22 6:10,22.429,0,,,,,
2811,1/31/22 6:20,22.333,32.3,,,,,
2812,1/31/22 6:30,22.429,129.2,,,,,
2813,1/31/22 6:40,22.429,366,,,,,
2814,1/31/22 6:50,22.429,602.8,,,,,
2815,1/31/22 7:00,22.429,1119.5,,,,,
2816,1/31/22 7:10,22.429,1550,,,,,
2817,1/31/22 7:20,22.429,2583.4,,,,,
2818,1/31/22 7:30,22.525,3100,,,,,
2819,1/31/22 7:40,22.525,7233.4,,,,,
2820,1/31/22 7:50,22.621,7233.4,,,,,
2821,1/31/22 8:00,22.621,4994.5,,,,,
2822,1/31/22 8:10,22.621,11022.3,,,,,
2823,1/31/22 8:20,22.621,5511.1,,,,,
2824,1/31/22 8:30,22.621,7233.4,,,,,
2825,1/31/22 8:40,22.717,6200,,,,,
2826,1/31/22 8:50,22.717,4994.5,,,,,
2827,1/31/22 9:00,22.717,5166.7,,,,,
2828,1/31/22 9:10,22.812,4822.3,,,,,
2829,1/31/22 9:20,22.908,6200,,,,,
2830,1/31/22 9:30,23.004,5166.7,,,,,
2831,1/31/22 9:40,23.1,5338.9,,,,,
2832,1/31/22 9:50,23.1,5511.1,,,,,
2833,1/31/22 10:00,23.196,4650,,,,,
2834,1/31/22 10:10,23.196,4133.4,,,,,
2835,1/31/22 10:20,23.196,3961.1,,,,,
2836,1/31/22 10:30,23.196,3272.2,,,,,
2837,1/31/22 10:40,23.292,6544.5,,,,,
2838,1/31/22 10:50,23.292,4650,,,,,
2839,1/31/22 11:00,23.292,5511.1,,,,,
2840,1/31/22 11:10,23.292,4133.4,,,,,
2841,1/31/22 11:20,23.388,4477.8,,,,,
2842,1/31/22 11:30,23.388,4650,,,,,
2843,1/31/22 11:40,23.292,4477.8,,,,,
2844,1/31/22 11:50,23.196,3961.1,,,,,
2845,1/31/22 12:00,23.196,3444.5,,,,,
2846,1/31/22 12:10,23.292,4133.4,,,,,
2847,1/31/22 12:20,23.292,3444.5,,,,,
2848,1/31/22 12:30,23.196,3272.2,,,,,
2849,1/31/22 12:40,23.196,2927.8,,,,,
2850,1/31/22 12:50,23.196,3272.2,,,,,
2851,1/31/22 13:00,23.196,2755.6,,,,,
2852,1/31/22 13:10,23.196,2583.4,,,,,
2853,1/31/22 13:20,23.292,2238.9,,,,,
2854,1/31/22 13:30,23.292,2238.9,,,,,
2855,1/31/22 13:40,23.292,2152.8,,,,,
2856,1/31/22 13:50,23.292,2325,,,,,
2857,1/31/22 14:00,23.292,2066.7,,,,,
2858,1/31/22 14:10,23.292,2066.7,,,,,
2859,1/31/22 14:20,23.292,1894.5,,,,,
2860,1/31/22 14:30,23.388,1894.5,,,,,
2861,1/31/22 14:40,23.484,1808.3,,,,,
2862,1/31/22 14:50,23.484,1636.1,,,,,
2863,1/31/22 15:00,23.581,1550,,,,,
2864,1/31/22 15:10,23.581,1550,,,,,
2865,1/31/22 15:20,23.677,1248.6,,,,,
2866,1/31/22 15:30,23.677,1076.4,,,,,
2867,1/31/22 15:40,23.773,947.2,,,,,
2868,1/31/22 15:50,23.773,947.2,,,,,
2869,1/31/22 16:00,23.773,861.1,,,,,
2870,1/31/22 16:10,23.869,699.7,,,,,
2871,1/31/22 16:20,23.966,527.4,,,,,
2872,1/31/22 16:30,23.966,527.4,,,,,
2873,1/31/22 16:40,23.869,495.1,,,,,
2874,1/31/22 16:50,23.869,452.1,,,,,
2875,1/31/22 17:00,23.869,376.7,,,,,
2876,1/31/22 17:10,23.869,193.8,,,,,
2877,1/31/22 17:20,23.869,161.5,,,,,
2878,1/31/22 17:30,23.869,139.9,,,,,
2879,1/31/22 17:40,23.869,139.9,,,,,
2880,1/31/22 17:50,23.869,86.1,,,,,
2881,1/31/22 18:00,23.869,75.3,,,,,
2882,1/31/22 18:10,23.869,32.3,,,,,
2883,1/31/22 18:20,23.869,0,,,,,
2884,1/31/22 18:30,23.869,0,,,,,
2885,1/31/22 18:40,23.869,0,,,,,
2886,1/31/22 18:50,23.773,0,,,,,
2887,1/31/22 19:00,23.869,0,,,,,
2888,1/31/22 19:10,23.773,0,,,,,
2889,1/31/22 19:20,23.773,0,,,,,
2890,1/31/22 19:30,23.773,0,,,,,
2891,1/31/22 19:40,23.773,0,,,,,
2892,1/31/22 19:50,23.773,0,,,,,
2893,1/31/22 20:00,23.773,0,,,,,
2894,1/31/22 20:10,23.773,0,,,,,
2895,1/31/22 20:20,23.773,0,,,,,
2896,1/31/22 20:30,23.773,0,,,,,
2897,1/31/22 20:40,23.773,0,,,,,
2898,1/31/22 20:50,23.773,0,,,,,
2899,1/31/22 21:00,23.773,0,,,,,
2900,1/31/22 21:10,23.773,0,,,,,
2901,1/31/22 21:20,23.773,0,,,,,
2902,1/31/22 21:30,23.773,0,,,,,
2903,1/31/22 21:40,23.773,0,,,,,
2904,1/31/22 21:50,23.773,0,,,,,
2905,1/31/22 22:00,23.773,0,,,,,
2906,1/31/22 22:10,23.773,0,,,,,
2907,1/31/22 22:20,23.677,0,,,,,
2908,1/31/22 22:30,23.677,0,,,,,
2909,1/31/22 22:40,23.581,0,,,,,
2910,1/31/22 22:50,23.581,0,,,,,
2911,1/31/22 23:00,23.484,0,,,,,
2912,1/31/22 23:10,23.292,0,,,,,
2913,1/31/22 23:20,23.292,0,,,,,
2914,1/31/22 23:30,23.196,0,,,,,
2915,1/31/22 23:40,23.196,0,,,,,
2916,1/31/22 23:50,23.292,0,,,,,
2917,2/1/22 0:00,23.292,0,,,,,
2918,2/1/22 0:10,23.292,0,,,,,
2919,2/1/22 0:20,23.388,0,,,,,
2920,2/1/22 0:30,23.292,0,,,,,
2921,2/1/22 0:40,23.1,0,,,,,
2922,2/1/22 0:50,23.1,0,,,,,
2923,2/1/22 1:00,23.1,0,,,,,
2924,2/1/22 1:10,23.1,0,,,,,
2925,2/1/22 1:20,23.1,0,,,,,
2926,2/1/22 1:30,23.1,0,,,,,
2927,2/1/22 1:40,23.004,0,,,,,
2928,2/1/22 1:50,23.1,0,,,,,
2929,2/1/22 2:00,23.004,0,,,,,
2930,2/1/22 2:10,23.004,0,,,,,
2931,2/1/22 2:20,23.196,0,,,,,
2932,2/1/22 2:30,23.196,0,,,,,
2933,2/1/22 2:40,23.196,0,,,,,
2934,2/1/22 2:50,23.292,0,,,,,
2935,2/1/22 3:00,23.292,0,,,,,
2936,2/1/22 3:10,23.292,0,,,,,
2937,2/1/22 3:20,23.292,0,,,,,
2938,2/1/22 3:30,23.292,0,,,,,
2939,2/1/22 3:40,23.196,0,,,,,
2940,2/1/22 3:50,23.196,0,,,,,
2941,2/1/22 4:00,23.196,0,,,,,
2942,2/1/22 4:10,23.1,0,,,,,
2943,2/1/22 4:20,23.196,0,,,,,
2944,2/1/22 4:30,23.196,0,,,,,
2945,2/1/22 4:40,23.196,0,,,,,
2946,2/1/22 4:50,23.196,0,,,,,
2947,2/1/22 5:00,23.196,0,,,,,
2948,2/1/22 5:10,23.196,0,,,,,
2949,2/1/22 5:20,23.196,0,,,,,
2950,2/1/22 5:30,23.196,0,,,,,
2951,2/1/22 5:40,23.1,0,,,,,
2952,2/1/22 5:50,23.196,0,,,,,
2953,2/1/22 6:00,23.1,0,,,,,
2954,2/1/22 6:10,23.196,0,,,,,
2955,2/1/22 6:20,23.196,0,,,,,
2956,2/1/22 6:30,23.196,0,,,,,
2957,2/1/22 6:40,23.196,21.5,,,,,
2958,2/1/22 6:50,23.196,32.3,,,,,
2959,2/1/22 7:00,23.196,53.8,,,,,
2960,2/1/22 7:10,23.196,53.8,,,,,
2961,2/1/22 7:20,23.196,43.1,,,,,
2962,2/1/22 7:30,23.196,75.3,,,,,
2963,2/1/22 7:40,23.196,75.3,,,,,
2964,2/1/22 7:50,23.196,86.1,,,,,
2965,2/1/22 8:00,23.292,129.2,,,,,
2966,2/1/22 8:10,23.292,172.2,,,,,
2967,2/1/22 8:20,23.292,193.8,,,,,
2968,2/1/22 8:30,23.292,183,,,,,
2969,2/1/22 8:40,23.292,226,,,,,
2970,2/1/22 8:50,23.388,290.6,,,,,
2971,2/1/22 9:00,23.388,430.6,,,,,
2972,2/1/22 9:10,23.388,613.5,,,,,
2973,2/1/22 9:20,23.484,688.9,,,,,
2974,2/1/22 9:30,23.484,667.4,,,,,
2975,2/1/22 9:40,23.581,1313.2,,,,,
2976,2/1/22 9:50,23.581,882.6,,,,,
2977,2/1/22 10:00,23.677,1302.4,,,,,
2978,2/1/22 10:10,23.581,699.7,,,,,
2979,2/1/22 10:20,23.581,624.3,,,,,
2980,2/1/22 10:30,23.581,688.9,,,,,
2981,2/1/22 10:40,23.484,602.8,,,,,
2982,2/1/22 10:50,23.581,828.8,,,,,
2983,2/1/22 11:00,23.677,828.8,,,,,
2984,2/1/22 11:10,23.677,914.9,,,,,
2985,2/1/22 11:20,23.773,1011.8,,,,,
2986,2/1/22 11:30,23.773,1334.7,,,,,
2987,2/1/22 11:40,23.869,1033.3,,,,,
2988,2/1/22 11:50,23.773,1216.3,,,,,
2989,2/1/22 12:00,23.773,904.2,,,,,
2990,2/1/22 12:10,23.869,839.6,,,,,
2991,2/1/22 12:20,24.062,882.6,,,,,
2992,2/1/22 12:30,24.062,871.9,,,,,
2993,2/1/22 12:40,24.158,1001,,,,,
2994,2/1/22 12:50,24.062,721.2,,,,,
2995,2/1/22 13:00,24.158,947.2,,,,,
2996,2/1/22 13:10,24.062,861.1,,,,,
2997,2/1/22 13:20,23.966,882.6,,,,,
2998,2/1/22 13:30,23.966,753.5,,,,,
2999,2/1/22 13:40,23.773,699.7,,,,,
3000,2/1/22 13:50,23.869,559.7,,,,,
3001,2/1/22 14:00,23.773,484.4,,,,,
3002,2/1/22 14:10,23.677,592,,,,,
3003,2/1/22 14:20,23.581,495.1,,,,,
3004,2/1/22 14:30,23.677,419.8,,,,,
3005,2/1/22 14:40,23.677,430.6,,,,,
3006,2/1/22 14:50,23.773,376.7,,,,,
3007,2/1/22 15:00,23.773,355.2,,,,,
3008,2/1/22 15:10,23.773,322.9,,,,,
3009,2/1/22 15:20,23.966,333.7,,,,,
3010,2/1/22 15:30,23.773,226,,,,,
3011,2/1/22 15:40,23.869,139.9,,,,,
3012,2/1/22 15:50,23.773,118.4,,,,,
3013,2/1/22 16:00,23.677,129.2,,,,,
3014,2/1/22 16:10,23.677,86.1,,,,,
3015,2/1/22 16:20,23.484,64.6,,,,,
3016,2/1/22 16:30,23.677,75.3,,,,,
3017,2/1/22 16:40,23.677,86.1,,,,,
3018,2/1/22 16:50,23.773,75.3,,,,,
3019,2/1/22 17:00,23.869,53.8,,,,,
3020,2/1/22 17:10,23.869,53.8,,,,,
3021,2/1/22 17:20,23.966,43.1,,,,,
3022,2/1/22 17:30,23.966,21.5,,,,,
3023,2/1/22 17:40,24.062,10.8,,,,,
3024,2/1/22 17:50,24.062,0,,,,,
3025,2/1/22 18:00,24.062,0,,,,,
3026,2/1/22 18:10,24.062,0,,,,,
3027,2/1/22 18:20,24.062,0,,,,,
3028,2/1/22 18:30,24.062,0,,,,,
3029,2/1/22 18:40,23.966,0,,,,,
3030,2/1/22 18:50,23.966,0,,,,,
3031,2/1/22 19:00,24.062,0,,,,,
3032,2/1/22 19:10,23.966,0,,,,,
3033,2/1/22 19:20,23.966,0,,,,,
3034,2/1/22 19:30,24.062,0,,,,,
3035,2/1/22 19:40,23.966,0,,,,,
3036,2/1/22 19:50,23.966,0,,,,,
3037,2/1/22 20:00,23.966,0,,,,,
3038,2/1/22 20:10,23.966,0,,,,,
3039,2/1/22 20:20,23.966,0,,,,,
3040,2/1/22 20:30,23.966,0,,,,,
3041,2/1/22 20:40,23.966,0,,,,,
3042,2/1/22 20:50,23.966,0,,,,,
3043,2/1/22 21:00,23.966,0,,,,,
3044,2/1/22 21:10,23.966,0,,,,,
3045,2/1/22 21:20,23.966,0,,,,,
3046,2/1/22 21:30,23.966,0,,,,,
3047,2/1/22 21:40,23.966,0,,,,,
3048,2/1/22 21:50,23.966,0,,,,,
3049,2/1/22 22:00,23.966,0,,,,,
3050,2/1/22 22:10,23.966,0,,,,,
3051,2/1/22 22:20,23.966,0,,,,,
3052,2/1/22 22:30,23.966,0,,,,,
3053,2/1/22 22:40,23.966,0,,,,,
3054,2/1/22 22:50,23.966,0,,,,,
3055,2/1/22 23:00,23.869,0,,,,,
3056,2/1/22 23:10,23.869,0,,,,,
3057,2/1/22 23:20,23.869,0,,,,,
3058,2/1/22 23:30,23.869,0,,,,,
3059,2/1/22 23:40,23.869,0,,,,,
3060,2/1/22 23:50,23.773,0,,,,,
3061,2/2/22 0:00,23.773,0,,,,,
3062,2/2/22 0:10,23.677,0,,,,,
3063,2/2/22 0:20,23.581,0,,,,,
3064,2/2/22 0:30,23.484,0,,,,,
3065,2/2/22 0:40,23.484,0,,,,,
3066,2/2/22 0:50,23.484,0,,,,,
3067,2/2/22 1:00,23.484,0,,,,,
3068,2/2/22 1:10,23.484,0,,,,,
3069,2/2/22 1:20,23.484,0,,,,,
3070,2/2/22 1:30,23.581,0,,,,,
3071,2/2/22 1:40,23.581,0,,,,,
3072,2/2/22 1:50,23.581,0,,,,,
3073,2/2/22 2:00,23.484,0,,,,,
3074,2/2/22 2:10,23.388,0,,,,,
3075,2/2/22 2:20,23.388,0,,,,,
3076,2/2/22 2:30,23.388,0,,,,,
3077,2/2/22 2:40,23.388,0,,,,,
3078,2/2/22 2:50,23.388,0,,,,,
3079,2/2/22 3:00,23.388,0,,,,,
3080,2/2/22 3:10,23.388,0,,,,,
3081,2/2/22 3:20,23.388,0,,,,,
3082,2/2/22 3:30,23.388,0,,,,,
3083,2/2/22 3:40,23.388,0,,,,,
3084,2/2/22 3:50,23.388,0,,,,,
3085,2/2/22 4:00,23.388,0,,,,,
3086,2/2/22 4:10,23.388,0,,,,,
3087,2/2/22 4:20,23.388,0,,,,,
3088,2/2/22 4:30,23.388,0,,,,,
3089,2/2/22 4:40,23.388,0,,,,,
3090,2/2/22 4:50,23.388,0,,,,,
3091,2/2/22 5:00,23.388,0,,,,,
3092,2/2/22 5:10,23.388,0,,,,,
3093,2/2/22 5:20,23.292,0,,,,,
3094,2/2/22 5:30,23.292,0,,,,,
3095,2/2/22 5:40,23.292,0,,,,,
3096,2/2/22 5:50,23.292,0,,,,,
3097,2/2/22 6:00,23.292,0,,,,,
3098,2/2/22 6:10,23.292,0,,,,,
3099,2/2/22 6:20,23.388,0,,,,,
3100,2/2/22 6:30,23.292,0,,,,,
3101,2/2/22 6:40,23.292,53.8,,,,,
3102,2/2/22 6:50,23.292,118.4,,,,,
3103,2/2/22 7:00,23.388,183,,,,,
3104,2/2/22 7:10,23.388,473.6,,,,,
3105,2/2/22 7:20,23.388,850.4,,,,,
3106,2/2/22 7:30,23.484,1065.6,,,,,
3107,2/2/22 7:40,23.484,1808.3,,,,,
3108,2/2/22 7:50,23.484,1722.2,,,,,
3109,2/2/22 8:00,23.581,2238.9,,,,,
3110,2/2/22 8:10,23.581,1356.3,,,,,
3111,2/2/22 8:20,23.581,2755.6,,,,,
3112,2/2/22 8:30,23.677,2152.8,,,,,
3113,2/2/22 8:40,23.677,4305.6,,,,,
3114,2/2/22 8:50,23.677,3272.2,,,,,
3115,2/2/22 9:00,23.773,2325,,,,,
3116,2/2/22 9:10,23.869,4994.5,,,,,
3117,2/2/22 9:20,23.966,3788.9,,,,,
3118,2/2/22 9:30,23.966,3272.2,,,,,
3119,2/2/22 9:40,24.062,2238.9,,,,,
3120,2/2/22 9:50,24.255,2583.4,,,,,
3121,2/2/22 10:00,24.255,10333.4,,,,,
3122,2/2/22 10:10,24.351,5166.7,,,,,
3123,2/2/22 10:20,24.448,2325,,,,,
3124,2/2/22 10:30,24.545,2755.6,,,,,
3125,2/2/22 10:40,24.641,3100,,,,,
3126,2/2/22 10:50,24.738,2152.8,,,,,
3127,2/2/22 11:00,24.641,2066.7,,,,,
3128,2/2/22 11:10,24.641,4133.4,,,,,
3129,2/2/22 11:20,24.738,3616.7,,,,,
3130,2/2/22 11:30,24.738,3616.7,,,,,
3131,2/2/22 11:40,24.738,3100,,,,,
3132,2/2/22 11:50,24.835,2583.4,,,,,
3133,2/2/22 12:00,24.835,1894.5,,,,,
3134,2/2/22 12:10,24.738,1894.5,,,,,
3135,2/2/22 12:20,24.641,2497.2,,,,,
3136,2/2/22 12:30,24.641,2325,,,,,
3137,2/2/22 12:40,24.545,2066.7,,,,,
3138,2/2/22 12:50,24.545,1194.8,,,,,
3139,2/2/22 13:00,24.448,1184,,,,,
3140,2/2/22 13:10,24.255,1119.5,,,,,
3141,2/2/22 13:20,24.158,1054.9,,,,,
3142,2/2/22 13:30,23.966,947.2,,,,,
3143,2/2/22 13:40,23.677,947.2,,,,,
3144,2/2/22 13:50,23.677,861.1,,,,,
3145,2/2/22 14:00,23.292,731.9,,,,,
3146,2/2/22 14:10,23.388,710.4,,,,,
3147,2/2/22 14:20,23.581,678.1,,,,,
3148,2/2/22 14:30,23.484,656.6,,,,,
3149,2/2/22 14:40,23.388,645.8,,,,,
3150,2/2/22 14:50,23.581,678.1,,,,,
3151,2/2/22 15:00,23.869,635.1,,,,,
3152,2/2/22 15:10,24.062,645.8,,,,,
3153,2/2/22 15:20,24.158,624.3,,,,,
3154,2/2/22 15:30,23.966,592,,,,,
3155,2/2/22 15:40,24.158,538.2,,,,,
3156,2/2/22 15:50,24.255,516.7,,,,,
3157,2/2/22 16:00,24.255,527.4,,,,,
3158,2/2/22 16:10,24.255,484.4,,,,,
3159,2/2/22 16:20,24.255,462.9,,,,,
3160,2/2/22 16:30,24.158,419.8,,,,,
3161,2/2/22 16:40,24.255,387.5,,,,,
3162,2/2/22 16:50,24.158,344.4,,,,,
3163,2/2/22 17:00,24.062,312.2,,,,,
3164,2/2/22 17:10,23.966,279.9,,,,,
3165,2/2/22 17:20,23.869,279.9,,,,,
3166,2/2/22 17:30,23.869,226,,,,,
3167,2/2/22 17:40,23.869,139.9,,,,,
3168,2/2/22 17:50,23.869,107.6,,,,,
3169,2/2/22 18:00,23.773,75.3,,,,,
3170,2/2/22 18:10,23.677,43.1,,,,,
3171,2/2/22 18:20,23.581,0,,,,,
3172,2/2/22 18:30,23.581,0,,,,,
3173,2/2/22 18:40,23.581,0,,,,,
3174,2/2/22 18:50,23.581,0,,,,,
3175,2/2/22 19:00,23.581,0,,,,,
3176,2/2/22 19:10,23.677,0,,,,,
3177,2/2/22 19:20,23.677,0,,,,,
3178,2/2/22 19:30,23.677,0,,,,,
3179,2/2/22 19:40,23.773,0,,,,,
3180,2/2/22 19:50,23.773,0,,,,,
3181,2/2/22 20:00,23.773,0,,,,,
3182,2/2/22 20:10,23.773,0,,,,,
3183,2/2/22 20:20,23.869,0,,,,,
3184,2/2/22 20:30,23.869,0,,,,,
3185,2/2/22 20:40,23.869,0,,,,,
3186,2/2/22 20:50,23.869,0,,,,,
3187,2/2/22 21:00,23.869,0,,,,,
3188,2/2/22 21:10,23.869,0,,,,,
3189,2/2/22 21:20,23.869,0,,,,,
3190,2/2/22 21:30,23.869,0,,,,,
3191,2/2/22 21:40,23.869,0,,,,,
3192,2/2/22 21:50,23.869,0,,,,,
3193,2/2/22 22:00,23.869,0,,,,,
3194,2/2/22 22:10,23.869,0,,,,,
3195,2/2/22 22:20,23.869,0,,,,,
3196,2/2/22 22:30,23.869,0,,,,,
3197,2/2/22 22:40,23.869,0,,,,,
3198,2/2/22 22:50,23.869,0,,,,,
3199,2/2/22 23:00,23.773,0,,,,,
3200,2/2/22 23:10,23.773,0,,,,,
3201,2/2/22 23:20,23.773,0,,,,,
3202,2/2/22 23:30,23.773,0,,,,,
3203,2/2/22 23:40,23.773,0,,,,,
3204,2/2/22 23:50,23.677,0,,,,,
3205,2/3/22 0:00,23.677,0,,,,,
3206,2/3/22 0:10,23.677,0,,,,,
3207,2/3/22 0:20,23.581,0,,,,,
3208,2/3/22 0:30,23.581,0,,,,,
3209,2/3/22 0:40,23.581,0,,,,,
3210,2/3/22 0:50,23.484,0,,,,,
3211,2/3/22 1:00,23.581,0,,,,,
3212,2/3/22 1:10,23.581,0,,,,,
3213,2/3/22 1:20,23.581,0,,,,,
3214,2/3/22 1:30,23.484,0,,,,,
3215,2/3/22 1:40,23.484,0,,,,,
3216,2/3/22 1:50,23.484,0,,,,,
3217,2/3/22 2:00,23.484,0,,,,,
3218,2/3/22 2:10,23.581,0,,,,,
3219,2/3/22 2:20,23.581,0,,,,,
3220,2/3/22 2:30,23.581,0,,,,,
3221,2/3/22 2:40,23.581,0,,,,,
3222,2/3/22 2:50,23.581,0,,,,,
3223,2/3/22 3:00,23.581,0,,,,,
3224,2/3/22 3:10,23.484,0,,,,,
3225,2/3/22 3:20,23.484,0,,,,,
3226,2/3/22 3:30,23.484,0,,,,,
3227,2/3/22 3:40,23.484,0,,,,,
3228,2/3/22 3:50,23.484,0,,,,,
3229,2/3/22 4:00,23.484,0,,,,,
3230,2/3/22 4:10,23.484,0,,,,,
3231,2/3/22 4:20,23.484,0,,,,,
3232,2/3/22 4:30,23.484,0,,,,,
3233,2/3/22 4:40,23.484,0,,,,,
3234,2/3/22 4:50,23.484,0,,,,,
3235,2/3/22 5:00,23.484,0,,,,,
3236,2/3/22 5:10,23.484,0,,,,,
3237,2/3/22 5:20,23.484,0,,,,,
3238,2/3/22 5:30,23.484,0,,,,,
3239,2/3/22 5:40,23.484,0,,,,,
3240,2/3/22 5:50,23.484,0,,,,,
3241,2/3/22 6:00,23.484,0,,,,,
3242,2/3/22 6:10,23.484,0,,,,,
3243,2/3/22 6:20,23.484,0,,,,,
3244,2/3/22 6:30,23.484,21.5,,,,,
3245,2/3/22 6:40,23.484,21.5,,,,,
3246,2/3/22 6:50,23.484,43.1,,,,,
3247,2/3/22 7:00,23.484,215.3,,,,,
3248,2/3/22 7:10,23.484,258.3,,,,,
3249,2/3/22 7:20,23.484,107.6,,,,,
3250,2/3/22 7:30,23.484,129.2,,,,,
3251,2/3/22 7:40,23.484,172.2,,,,,
3252,2/3/22 7:50,23.581,430.6,,,,,
3253,2/3/22 8:00,23.581,258.3,,,,,
3254,2/3/22 8:10,23.581,807.3,,,,,
3255,2/3/22 8:20,23.581,430.6,,,,,
3256,2/3/22 8:30,23.677,2411.1,,,,,
3257,2/3/22 8:40,23.773,1636.1,,,,,
3258,2/3/22 8:50,23.869,3100,,,,,
3259,2/3/22 9:00,23.966,3272.2,,,,,
3260,2/3/22 9:10,23.966,3444.5,,,,,
3261,2/3/22 9:20,24.062,3444.5,,,,,
3262,2/3/22 9:30,24.255,26178,,,,,
3263,2/3/22 9:40,24.351,27555.7,,,,,
3264,2/3/22 9:50,24.448,57867,,,,,
3265,2/3/22 10:00,24.448,28933.5,,,,,
3266,2/3/22 10:10,24.641,18600.1,,,,,
3267,2/3/22 10:20,24.738,19977.9,,,,,
3268,2/3/22 10:30,24.738,10677.8,,,,,
3269,2/3/22 10:40,24.835,34444.7,,,,,
3270,2/3/22 10:50,24.931,10333.4,,,,,
3271,2/3/22 11:00,24.931,7233.4,,,,,
3272,2/3/22 11:10,24.931,11022.3,,,,,
3273,2/3/22 11:20,25.125,15155.7,,,,,
3274,2/3/22 11:30,25.125,9300.1,,,,,
3275,2/3/22 11:40,25.125,6544.5,,,,,
3276,2/3/22 11:50,25.222,4133.4,,,,,
3277,2/3/22 12:00,25.319,10677.8,,,,,
3278,2/3/22 12:10,25.222,4477.8,,,,,
3279,2/3/22 12:20,25.222,1463.9,,,,,
3280,2/3/22 12:30,25.222,2583.4,,,,,
3281,2/3/22 12:40,25.222,3272.2,,,,,
3282,2/3/22 12:50,25.222,2583.4,,,,,
3283,2/3/22 13:00,25.319,2411.1,,,,,
3284,2/3/22 13:10,25.416,2238.9,,,,,
3285,2/3/22 13:20,25.222,2497.2,,,,,
3286,2/3/22 13:30,25.125,1980.6,,,,,
3287,2/3/22 13:40,25.125,2066.7,,,,,
3288,2/3/22 13:50,25.028,1980.6,,,,,
3289,2/3/22 14:00,25.028,1808.3,,,,,
3290,2/3/22 14:10,24.931,1808.3,,,,,
3291,2/3/22 14:20,24.931,1636.1,,,,,
3292,2/3/22 14:30,24.931,1636.1,,,,,
3293,2/3/22 14:40,24.931,1550,,,,,
3294,2/3/22 14:50,24.835,1345.5,,,,,
3295,2/3/22 15:00,24.835,1302.4,,,,,
3296,2/3/22 15:10,24.835,1280.9,,,,,
3297,2/3/22 15:20,24.738,1259.4,,,,,
3298,2/3/22 15:30,24.738,1216.3,,,,,
3299,2/3/22 15:40,24.738,1141,,,,,
3300,2/3/22 15:50,24.738,1184,,,,,
3301,2/3/22 16:00,24.835,1087.2,,,,,
3302,2/3/22 16:10,24.835,979.5,,,,,
3303,2/3/22 16:20,24.835,904.2,,,,,
3304,2/3/22 16:30,24.835,936.5,,,,,
3305,2/3/22 16:40,24.835,807.3,,,,,
3306,2/3/22 16:50,24.738,818.1,,,,,
3307,2/3/22 17:00,24.738,764.2,,,,,
3308,2/3/22 17:10,24.738,667.4,,,,,
3309,2/3/22 17:20,24.738,570.5,,,,,
3310,2/3/22 17:30,24.738,570.5,,,,,
3311,2/3/22 17:40,24.641,505.9,,,,,
3312,2/3/22 17:50,24.641,398.3,,,,,
3313,2/3/22 18:00,24.641,279.9,,,,,
3314,2/3/22 18:10,24.641,172.2,,,,,
3315,2/3/22 18:20,24.641,43.1,,,,,
3316,2/3/22 18:30,24.641,0,,,,,
3317,2/3/22 18:40,24.545,0,,,,,
3318,2/3/22 18:50,24.545,0,,,,,
3319,2/3/22 19:00,24.545,0,,,,,
3320,2/3/22 19:10,24.545,0,,,,,
3321,2/3/22 19:20,24.641,0,,,,,
3322,2/3/22 19:30,24.545,0,,,,,
3323,2/3/22 19:40,24.545,0,,,,,
3324,2/3/22 19:50,24.545,0,,,,,
3325,2/3/22 20:00,24.545,0,,,,,
3326,2/3/22 20:10,24.545,0,,,,,
3327,2/3/22 20:20,24.641,0,,,,,
3328,2/3/22 20:30,24.641,0,,,,,
3329,2/3/22 20:40,24.641,0,,,,,
3330,2/3/22 20:50,24.641,0,,,,,
3331,2/3/22 21:00,24.641,0,,,,,
3332,2/3/22 21:10,24.641,0,,,,,
3333,2/3/22 21:20,24.641,0,,,,,
3334,2/3/22 21:30,24.641,0,,,,,
3335,2/3/22 21:40,24.641,0,,,,,
3336,2/3/22 21:50,24.641,0,,,,,
3337,2/3/22 22:00,24.641,0,,,,,
3338,2/3/22 22:10,24.641,0,,,,,
3339,2/3/22 22:20,24.641,0,,,,,
3340,2/3/22 22:30,24.641,0,,,,,
3341,2/3/22 22:40,24.641,0,,,,,
3342,2/3/22 22:50,24.641,0,,,,,
3343,2/3/22 23:00,24.641,0,,,,,
3344,2/3/22 23:10,24.641,0,,,,,
3345,2/3/22 23:20,24.641,0,,,,,
3346,2/3/22 23:30,24.641,0,,,,,
3347,2/3/22 23:40,24.641,0,,,,,
3348,2/3/22 23:50,24.545,0,,,,,
3349,2/4/22 0:00,24.545,0,,,,,
3350,2/4/22 0:10,24.448,0,,,,,
3351,2/4/22 0:20,24.448,0,,,,,
3352,2/4/22 0:30,24.448,0,,,,,
3353,2/4/22 0:40,24.448,0,,,,,
3354,2/4/22 0:50,24.448,0,,,,,
3355,2/4/22 1:00,24.448,0,,,,,
3356,2/4/22 1:10,24.448,0,,,,,
3357,2/4/22 1:20,24.448,0,,,,,
3358,2/4/22 1:30,24.448,0,,,,,
3359,2/4/22 1:40,24.448,0,,,,,
3360,2/4/22 1:50,24.448,0,,,,,
3361,2/4/22 2:00,24.448,0,,,,,
3362,2/4/22 2:10,24.448,0,,,,,
3363,2/4/22 2:20,24.448,0,,,,,
3364,2/4/22 2:30,24.448,0,,,,,
3365,2/4/22 2:40,24.448,0,,,,,
3366,2/4/22 2:50,24.448,0,,,,,
3367,2/4/22 3:00,24.448,0,,,,,
3368,2/4/22 3:10,24.448,0,,,,,
3369,2/4/22 3:20,24.448,0,,,,,
3370,2/4/22 3:30,24.448,0,,,,,
3371,2/4/22 3:40,24.448,0,,,,,
3372,2/4/22 3:50,24.448,0,,,,,
3373,2/4/22 4:00,24.448,0,,,,,
3374,2/4/22 4:10,24.448,0,,,,,
3375,2/4/22 4:20,24.448,0,,,,,
3376,2/4/22 4:30,24.448,0,,,,,
3377,2/4/22 4:40,24.448,0,,,,,
3378,2/4/22 4:50,24.448,0,,,,,
3379,2/4/22 5:00,24.448,0,,,,,
3380,2/4/22 5:10,24.448,0,,,,,
3381,2/4/22 5:20,24.448,0,,,,,
3382,2/4/22 5:30,24.448,0,,,,,
3383,2/4/22 5:40,24.448,0,,,,,
3384,2/4/22 5:50,24.351,0,,,,,
3385,2/4/22 6:00,24.351,0,,,,,
3386,2/4/22 6:10,24.448,0,,,,,
3387,2/4/22 6:20,24.448,53.8,,,,,
3388,2/4/22 6:30,24.448,247.6,,,,,
3389,2/4/22 6:40,24.448,559.7,,,,,
3390,2/4/22 6:50,24.448,731.9,,,,,
3391,2/4/22 7:00,24.448,1463.9,,,,,
3392,2/4/22 7:10,24.448,1636.1,,,,,
3393,2/4/22 7:20,24.448,2927.8,,,,,
3394,2/4/22 7:30,24.545,11022.3,,,,,
3395,2/4/22 7:40,24.545,4994.5,,,,,
3396,2/4/22 7:50,24.545,3788.9,,,,,
3397,2/4/22 8:00,24.545,2669.5,,,,,
3398,2/4/22 8:10,24.545,2238.9,,,,,
3399,2/4/22 8:20,24.545,2755.6,,,,,
3400,2/4/22 8:30,24.545,4133.4,,,,,
3401,2/4/22 8:40,24.738,10677.8,,,,,
3402,2/4/22 8:50,24.738,9300.1,,,,,
3403,2/4/22 9:00,24.738,9300.1,,,,,
3404,2/4/22 9:10,24.835,13777.9,,,,,
3405,2/4/22 9:20,24.931,22044.6,,,,,
3406,2/4/22 9:30,25.028,19289,,,,,
3407,2/4/22 9:40,25.125,26178,,,,,
3408,2/4/22 9:50,25.222,34444.7,,,,,
3409,2/4/22 10:00,25.319,12400.1,,,,,
3410,2/4/22 10:10,25.513,38578,,,,,
3411,2/4/22 10:20,25.61,63378.2,,,,,
3412,2/4/22 10:30,25.61,33066.9,,,,,
3413,2/4/22 10:40,25.805,16533.4,,,,,
3414,2/4/22 10:50,25.708,23422.4,,,,,
3415,2/4/22 11:00,25.805,19977.9,,,,,
3416,2/4/22 11:10,25.902,18600.1,,,,,
3417,2/4/22 11:20,25.902,28933.5,,,,,
3418,2/4/22 11:30,26,12400.1,,,,,
3419,2/4/22 11:40,26,17222.3,,,,,
3420,2/4/22 11:50,26,13089,,,,,
3421,2/4/22 12:00,26.097,9300.1,,,,,
3422,2/4/22 12:10,26.195,15844.5,,,,,
3423,2/4/22 12:20,26.195,6544.5,,,,,
3424,2/4/22 12:30,26.195,7233.4,,,,,
3425,2/4/22 12:40,26.195,5511.1,,,,,
3426,2/4/22 12:50,26,4305.6,,,,,
3427,2/4/22 13:00,26.195,3961.1,,,,,
3428,2/4/22 13:10,26.097,3444.5,,,,,
3429,2/4/22 13:20,26.097,3272.2,,,,,
3430,2/4/22 13:30,26,2927.8,,,,,
3431,2/4/22 13:40,26,2669.5,,,,,
3432,2/4/22 13:50,25.708,2497.2,,,,,
3433,2/4/22 14:00,25.708,2411.1,,,,,
3434,2/4/22 14:10,25.708,2325,,,,,
3435,2/4/22 14:20,25.805,4133.4,,,,,
3436,2/4/22 14:30,25.708,3100,,,,,
3437,2/4/22 14:40,25.708,2238.9,,,,,
3438,2/4/22 14:50,25.708,2755.6,,,,,
3439,2/4/22 15:00,25.708,3616.7,,,,,
3440,2/4/22 15:10,25.805,3100,,,,,
3441,2/4/22 15:20,25.805,2927.8,,,,,
3442,2/4/22 15:30,25.902,3961.1,,,,,
3443,2/4/22 15:40,26,3961.1,,,,,
3444,2/4/22 15:50,25.805,3272.2,,,,,
3445,2/4/22 16:00,25.61,2755.6,,,,,
3446,2/4/22 16:10,25.513,2669.5,,,,,
3447,2/4/22 16:20,25.513,1636.1,,,,,
3448,2/4/22 16:30,25.513,1808.3,,,,,
3449,2/4/22 16:40,25.513,2411.1,,,,,
3450,2/4/22 16:50,25.513,2066.7,,,,,
3451,2/4/22 17:00,25.416,1151.7,,,,,
3452,2/4/22 17:10,25.319,1087.2,,,,,
3453,2/4/22 17:20,25.319,796.5,,,,,
3454,2/4/22 17:30,25.222,699.7,,,,,
3455,2/4/22 17:40,25.222,549,,,,,
3456,2/4/22 17:50,25.222,452.1,,,,,
3457,2/4/22 18:00,25.125,236.8,,,,,
3458,2/4/22 18:10,25.222,118.4,,,,,
3459,2/4/22 18:20,25.222,32.3,,,,,
3460,2/4/22 18:30,25.222,0,,,,,
3461,2/4/22 18:40,25.222,0,,,,,
3462,2/4/22 18:50,25.222,0,,,,,
3463,2/4/22 19:00,25.222,0,,,,,
3464,2/4/22 19:10,25.125,0,,,,,
3465,2/4/22 19:20,25.125,0,,,,,
3466,2/4/22 19:30,25.125,0,,,,,
3467,2/4/22 19:40,25.125,0,,,,,
3468,2/4/22 19:50,25.125,0,,,,,
3469,2/4/22 20:00,25.125,0,,,,,
3470,2/4/22 20:10,25.125,0,,,,,
3471,2/4/22 20:20,25.125,0,,,,,
3472,2/4/22 20:30,25.125,0,,,,,
3473,2/4/22 20:40,25.125,0,,,,,
3474,2/4/22 20:50,25.125,0,,,,,
3475,2/4/22 21:00,25.125,0,,,,,
3476,2/4/22 21:10,25.222,0,,,,,
3477,2/4/22 21:20,25.125,0,,,,,
3478,2/4/22 21:30,25.222,0,,,,,
3479,2/4/22 21:40,25.125,0,,,,,
3480,2/4/22 21:50,25.125,0,,,,,
3481,2/4/22 22:00,25.125,0,,,,,
3482,2/4/22 22:10,25.125,0,,,,,
3483,2/4/22 22:20,25.125,0,,,,,
3484,2/4/22 22:30,25.125,0,,,,,
3485,2/4/22 22:40,25.222,0,,,,,
3486,2/4/22 22:50,25.222,0,,,,,
3487,2/4/22 23:00,25.222,0,,,,,
3488,2/4/22 23:10,25.222,0,,,,,
3489,2/4/22 23:20,25.222,0,,,,,
3490,2/4/22 23:30,25.222,0,,,,,
3491,2/4/22 23:40,25.125,0,,,,,
3492,2/4/22 23:50,25.222,0,,,,,
3493,2/5/22 0:00,25.125,0,,,,,
3494,2/5/22 0:10,25.125,0,,,,,
3495,2/5/22 0:20,25.125,0,,,,,
3496,2/5/22 0:30,25.125,0,,,,,
3497,2/5/22 0:40,25.125,0,,,,,
3498,2/5/22 0:50,25.028,0,,,,,
3499,2/5/22 1:00,24.931,0,,,,,
3500,2/5/22 1:10,24.931,0,,,,,
3501,2/5/22 1:20,24.835,0,,,,,
3502,2/5/22 1:30,24.835,0,,,,,
3503,2/5/22 1:40,24.835,0,,,,,
3504,2/5/22 1:50,24.835,0,,,,,
3505,2/5/22 2:00,24.835,0,,,,,
3506,2/5/22 2:10,24.835,0,,,,,
3507,2/5/22 2:20,24.835,0,,,,,
3508,2/5/22 2:30,24.641,0,,,,,
3509,2/5/22 2:40,24.545,0,,,,,
3510,2/5/22 2:50,24.545,0,,,,,
3511,2/5/22 3:00,24.448,0,,,,,
3512,2/5/22 3:10,24.351,0,,,,,
3513,2/5/22 3:20,24.351,0,,,,,
3514,2/5/22 3:30,24.351,0,,,,,
3515,2/5/22 3:40,24.158,0,,,,,
3516,2/5/22 3:50,24.158,0,,,,,
3517,2/5/22 4:00,24.062,0,,,,,
3518,2/5/22 4:10,24.062,0,,,,,
3519,2/5/22 4:20,24.062,0,,,,,
3520,2/5/22 4:30,24.062,0,,,,,
3521,2/5/22 4:40,24.158,0,,,,,
3522,2/5/22 4:50,24.158,0,,,,,
3523,2/5/22 5:00,24.158,0,,,,,
3524,2/5/22 5:10,24.062,0,,,,,
3525,2/5/22 5:20,24.158,0,,,,,
3526,2/5/22 5:30,24.255,0,,,,,
3527,2/5/22 5:40,24.448,0,,,,,
3528,2/5/22 5:50,24.448,0,,,,,
3529,2/5/22 6:00,24.448,0,,,,,
3530,2/5/22 6:10,24.448,64.6,,,,,
3531,2/5/22 6:20,24.448,183,,,,,
3532,2/5/22 6:30,24.448,495.1,,,,,
3533,2/5/22 6:40,24.545,592,,,,,
3534,2/5/22 6:50,24.545,893.4,,,,,
3535,2/5/22 7:00,24.641,1184,,,,,
3536,2/5/22 7:10,24.545,1463.9,,,,,
3537,2/5/22 7:20,24.641,1894.5,,,,,
3538,2/5/22 7:30,24.641,2325,,,,,
3539,2/5/22 7:40,24.641,2497.2,,,,,
3540,2/5/22 7:50,24.738,3444.5,,,,,
3541,2/5/22 8:00,24.738,2066.7,,,,,
3542,2/5/22 8:10,24.738,1463.9,,,,,
3543,2/5/22 8:20,24.738,2497.2,,,,,
3544,2/5/22 8:30,24.738,2238.9,,,,,
3545,2/5/22 8:40,24.738,3272.2,,,,,
3546,2/5/22 8:50,24.931,11711.2,,,,,
3547,2/5/22 9:00,24.931,9644.5,,,,,
3548,2/5/22 9:10,25.028,19289,,,,,
3549,2/5/22 9:20,25.028,27555.7,,,,,
3550,2/5/22 9:30,25.125,23422.4,,,,,
3551,2/5/22 9:40,25.222,18600.1,,,,,
3552,2/5/22 9:50,25.319,35822.5,,,,,
3553,2/5/22 10:00,25.222,12400.1,,,,,
3554,2/5/22 10:10,25.319,16533.4,,,,,
3555,2/5/22 10:20,25.416,13089,,,,,
3556,2/5/22 10:30,25.319,24800.2,,,,,
3557,2/5/22 10:40,25.319,27555.7,,,,,
3558,2/5/22 10:50,25.513,20666.8,,,,,
3559,2/5/22 11:00,25.61,16533.4,,,,,
3560,2/5/22 11:10,25.708,15155.7,,,,,
3561,2/5/22 11:20,25.708,9300.1,,,,,
3562,2/5/22 11:30,25.805,9300.1,,,,,
3563,2/5/22 11:40,25.805,5166.7,,,,,
3564,2/5/22 11:50,25.902,5166.7,,,,,
3565,2/5/22 12:00,25.902,4822.3,,,,,
3566,2/5/22 12:10,25.902,3616.7,,,,,
3567,2/5/22 12:20,26,4305.6,,,,,
3568,2/5/22 12:30,26,4133.4,,,,,
3569,2/5/22 12:40,26.097,3444.5,,,,,
3570,2/5/22 12:50,26.195,2755.6,,,,,
3571,2/5/22 13:00,26.292,2583.4,,,,,
3572,2/5/22 13:10,26.39,2411.1,,,,,
3573,2/5/22 13:20,26.488,2325,,,,,
3574,2/5/22 13:30,26.585,1980.6,,,,,
3575,2/5/22 13:40,26.488,1894.5,,,,,
3576,2/5/22 13:50,26.488,1808.3,,,,,
3577,2/5/22 14:00,26.39,1722.2,,,,,
3578,2/5/22 14:10,26.39,1550,,,,,
3579,2/5/22 14:20,26.195,1463.9,,,,,
3580,2/5/22 14:30,26.292,1324,,,,,
3581,2/5/22 14:40,26.097,1184,,,,,
3582,2/5/22 14:50,25.902,1184,,,,,
3583,2/5/22 15:00,25.805,1108.7,,,,,
3584,2/5/22 15:10,25.902,1076.4,,,,,
3585,2/5/22 15:20,25.708,1076.4,,,,,
3586,2/5/22 15:30,25.708,990.3,,,,,
3587,2/5/22 15:40,25.513,990.3,,,,,
3588,2/5/22 15:50,25.416,914.9,,,,,
3589,2/5/22 16:00,25.319,882.6,,,,,
3590,2/5/22 16:10,25.319,818.1,,,,,
3591,2/5/22 16:20,25.125,785.8,,,,,
3592,2/5/22 16:30,25.125,764.2,,,,,
3593,2/5/22 16:40,25.125,731.9,,,,,
3594,2/5/22 16:50,24.931,678.1,,,,,
3595,2/5/22 17:00,25.028,635.1,,,,,
3596,2/5/22 17:10,24.835,495.1,,,,,
3597,2/5/22 17:20,24.641,452.1,,,,,
3598,2/5/22 17:30,24.738,376.7,,,,,
3599,2/5/22 17:40,24.738,333.7,,,,,
3600,2/5/22 17:50,24.641,258.3,,,,,
3601,2/5/22 18:00,24.062,183,,,,,
3602,2/5/22 18:10,23.966,96.9,,,,,
3603,2/5/22 18:20,24.062,32.3,,,,,
3604,2/5/22 18:30,24.158,0,,,,,
3605,2/5/22 18:40,24.158,0,,,,,
3606,2/5/22 18:50,24.255,0,,,,,
3607,2/5/22 19:00,24.545,0,,,,,
3608,2/5/22 19:10,24.641,0,,,,,
3609,2/5/22 19:20,24.641,0,,,,,
3610,2/5/22 19:30,24.738,0,,,,,
3611,2/5/22 19:40,24.835,0,,,,,
3612,2/5/22 19:50,24.835,0,,,,,
3613,2/5/22 20:00,24.931,0,,,,,
3614,2/5/22 20:10,24.931,0,,,,,
3615,2/5/22 20:20,25.028,0,,,,,
3616,2/5/22 20:30,25.125,0,,,,,
3617,2/5/22 20:40,25.028,0,,,,,
3618,2/5/22 20:50,25.028,0,,,,,
3619,2/5/22 21:00,24.835,0,,,,,
3620,2/5/22 21:10,25.028,0,,,,,
3621,2/5/22 21:20,25.028,0,,,,,
3622,2/5/22 21:30,25.028,0,,,,,
3623,2/5/22 21:40,25.028,0,,,,,
3624,2/5/22 21:50,24.931,0,,,,,
3625,2/5/22 22:00,24.931,0,,,,,
3626,2/5/22 22:10,24.931,0,,,,,
3627,2/5/22 22:20,24.931,0,,,,,
3628,2/5/22 22:30,24.931,0,,,,,
3629,2/5/22 22:40,24.931,0,,,,,
3630,2/5/22 22:50,24.931,0,,,,,
3631,2/5/22 23:00,24.835,0,,,,,
3632,2/5/22 23:10,24.835,0,,,,,
3633,2/5/22 23:20,24.835,0,,,,,
3634,2/5/22 23:30,24.835,0,,,,,
3635,2/5/22 23:40,24.835,0,,,,,
3636,2/5/22 23:50,24.835,0,,,,,
3637,2/6/22 0:00,24.835,0,,,,,
3638,2/6/22 0:10,24.835,0,,,,,
3639,2/6/22 0:20,24.835,0,,,,,
3640,2/6/22 0:30,24.835,0,,,,,
3641,2/6/22 0:40,24.835,0,,,,,
3642,2/6/22 0:50,24.835,0,,,,,
3643,2/6/22 1:00,24.835,0,,,,,
3644,2/6/22 1:10,24.835,0,,,,,
3645,2/6/22 1:20,24.835,0,,,,,
3646,2/6/22 1:30,24.835,0,,,,,
3647,2/6/22 1:40,24.835,0,,,,,
3648,2/6/22 1:50,24.835,0,,,,,
3649,2/6/22 2:00,24.835,0,,,,,
3650,2/6/22 2:10,24.835,0,,,,,
3651,2/6/22 2:20,24.835,0,,,,,
3652,2/6/22 2:30,24.738,0,,,,,
3653,2/6/22 2:40,24.738,0,,,,,
3654,2/6/22 2:50,24.738,0,,,,,
3655,2/6/22 3:00,24.738,0,,,,,
3656,2/6/22 3:10,24.738,0,,,,,
3657,2/6/22 3:20,24.738,0,,,,,
3658,2/6/22 3:30,24.738,0,,,,,
3659,2/6/22 3:40,24.738,0,,,,,
3660,2/6/22 3:50,24.738,0,,,,,
3661,2/6/22 4:00,24.738,0,,,,,
3662,2/6/22 4:10,24.835,0,,,,,
3663,2/6/22 4:20,24.738,0,,,,,
3664,2/6/22 4:30,24.738,0,,,,,
3665,2/6/22 4:40,24.738,0,,,,,
3666,2/6/22 4:50,24.738,0,,,,,
3667,2/6/22 5:00,24.738,0,,,,,
3668,2/6/22 5:10,24.738,0,,,,,
3669,2/6/22 5:20,24.738,0,,,,,
3670,2/6/22 5:30,24.738,0,,,,,
3671,2/6/22 5:40,24.738,0,,,,,
3672,2/6/22 5:50,24.738,0,,,,,
3673,2/6/22 6:00,24.738,0,,,,,
3674,2/6/22 6:10,24.641,0,,,,,
3675,2/6/22 6:20,24.641,0,,,,,
3676,2/6/22 6:30,24.641,10.8,,,,,
3677,2/6/22 6:40,24.738,32.3,,,,,
3678,2/6/22 6:50,24.738,64.6,,,,,
3679,2/6/22 7:00,24.738,107.6,,,,,
3680,2/6/22 7:10,24.738,161.5,,,,,
3681,2/6/22 7:20,24.738,215.3,,,,,
3682,2/6/22 7:30,24.738,269.1,,,,,
3683,2/6/22 7:40,24.738,527.4,,,,,
3684,2/6/22 7:50,24.738,796.5,,,,,
3685,2/6/22 8:00,24.641,688.9,,,,,
3686,2/6/22 8:10,24.641,495.1,,,,,
3687,2/6/22 8:20,24.641,1162.5,,,,,
3688,2/6/22 8:30,24.835,5166.7,,,,,
3689,2/6/22 8:40,24.835,4650,,,,,
3690,2/6/22 8:50,24.931,2669.5,,,,,
3691,2/6/22 9:00,25.028,7233.4,,,,,
3692,2/6/22 9:10,24.931,2066.7,,,,,
3693,2/6/22 9:20,24.931,3616.7,,,,,
3694,2/6/22 9:30,25.125,7233.4,,,,,
3695,2/6/22 9:40,25.222,18600.1,,,,,
3696,2/6/22 9:50,25.222,3961.1,,,,,
3697,2/6/22 10:00,25.319,3444.5,,,,,
3698,2/6/22 10:10,25.319,3272.2,,,,,
3699,2/6/22 10:20,25.416,3788.9,,,,,
3700,2/6/22 10:30,25.416,4133.4,,,,,
3701,2/6/22 10:40,25.416,2755.6,,,,,
3702,2/6/22 10:50,25.513,4994.5,,,,,
3703,2/6/22 11:00,25.513,4477.8,,,,,
3704,2/6/22 11:10,25.61,5166.7,,,,,
3705,2/6/22 11:20,25.708,2583.4,,,,,
3706,2/6/22 11:30,25.708,3100,,,,,
3707,2/6/22 11:40,25.805,2238.9,,,,,
3708,2/6/22 11:50,25.805,2669.5,,,,,
3709,2/6/22 12:00,25.902,2066.7,,,,,
3710,2/6/22 12:10,25.902,1980.6,,,,,
3711,2/6/22 12:20,25.902,1636.1,,,,,
3712,2/6/22 12:30,26,2066.7,,,,,
3713,2/6/22 12:40,26,1356.3,,,,,
3714,2/6/22 12:50,26.097,1313.2,,,,,
3715,2/6/22 13:00,26.195,1550,,,,,
3716,2/6/22 13:10,26.195,1550,,,,,
3717,2/6/22 13:20,26.292,1216.3,,,,,
3718,2/6/22 13:30,26.39,1270.1,,,,,
3719,2/6/22 13:40,26.39,1205.6,,,,,
3720,2/6/22 13:50,26.488,1022.6,,,,,
3721,2/6/22 14:00,26.488,979.5,,,,,
3722,2/6/22 14:10,26.39,753.5,,,,,
3723,2/6/22 14:20,26.39,861.1,,,,,
3724,2/6/22 14:30,26.39,1173.3,,,,,
3725,2/6/22 14:40,26.292,1087.2,,,,,
3726,2/6/22 14:50,26.292,1011.8,,,,,
3727,2/6/22 15:00,26.195,1033.3,,,,,
3728,2/6/22 15:10,26,968.8,,,,,
3729,2/6/22 15:20,26,914.9,,,,,
3730,2/6/22 15:30,25.805,871.9,,,,,
3731,2/6/22 15:40,25.805,882.6,,,,,
3732,2/6/22 15:50,25.805,850.4,,,,,
3733,2/6/22 16:00,25.805,818.1,,,,,
3734,2/6/22 16:10,25.805,828.8,,,,,
3735,2/6/22 16:20,25.708,742.7,,,,,
3736,2/6/22 16:30,25.708,645.8,,,,,
3737,2/6/22 16:40,25.708,559.7,,,,,
3738,2/6/22 16:50,25.61,592,,,,,
3739,2/6/22 17:00,25.61,484.4,,,,,
3740,2/6/22 17:10,25.513,355.2,,,,,
3741,2/6/22 17:20,25.513,355.2,,,,,
3742,2/6/22 17:30,25.513,366,,,,,
3743,2/6/22 17:40,25.416,226,,,,,
3744,2/6/22 17:50,25.416,193.8,,,,,
3745,2/6/22 18:00,25.416,107.6,,,,,
3746,2/6/22 18:10,25.319,75.3,,,,,
3747,2/6/22 18:20,25.319,10.8,,,,,
3748,2/6/22 18:30,25.319,0,,,,,
3749,2/6/22 18:40,25.319,0,,,,,
3750,2/6/22 18:50,25.319,0,,,,,
3751,2/6/22 19:00,25.319,0,,,,,
3752,2/6/22 19:10,25.319,0,,,,,
3753,2/6/22 19:20,25.416,0,,,,,
3754,2/6/22 19:30,25.416,0,,,,,
3755,2/6/22 19:40,25.319,0,,,,,
3756,2/6/22 19:50,25.319,0,,,,,
3757,2/6/22 20:00,25.319,0,,,,,
3758,2/6/22 20:10,25.319,0,,,,,
3759,2/6/22 20:20,25.319,0,,,,,
3760,2/6/22 20:30,25.222,0,,,,,
3761,2/6/22 20:40,25.222,0,,,,,
3762,2/6/22 20:50,25.222,0,,,,,
3763,2/6/22 21:00,25.222,0,,,,,
3764,2/6/22 21:10,25.222,0,,,,,
3765,2/6/22 21:20,25.222,0,,,,,
3766,2/6/22 21:30,25.222,0,,,,,
3767,2/6/22 21:40,25.125,0,,,,,
3768,2/6/22 21:50,25.222,0,,,,,
3769,2/6/22 22:00,25.222,0,,,,,
3770,2/6/22 22:10,25.125,0,,,,,
3771,2/6/22 22:20,25.125,0,,,,,
3772,2/6/22 22:30,25.125,0,,,,,
3773,2/6/22 22:40,25.125,0,,,,,
3774,2/6/22 22:50,25.125,0,,,,,
3775,2/6/22 23:00,25.125,0,,,,,
3776,2/6/22 23:10,25.125,0,,,,,
3777,2/6/22 23:20,25.125,0,,,,,
3778,2/6/22 23:30,25.125,0,,,,,
3779,2/6/22 23:40,25.125,0,,,,,
3780,2/6/22 23:50,25.125,0,,,,,
3781,2/7/22 0:00,25.125,0,,,,,
3782,2/7/22 0:10,25.125,0,,,,,
3783,2/7/22 0:20,25.125,0,,,,,
3784,2/7/22 0:30,25.125,0,,,,,
3785,2/7/22 0:40,25.028,0,,,,,
3786,2/7/22 0:50,25.028,0,,,,,
3787,2/7/22 1:00,25.028,0,,,,,
3788,2/7/22 1:10,25.028,0,,,,,
3789,2/7/22 1:20,25.028,0,,,,,
3790,2/7/22 1:30,25.028,0,,,,,
3791,2/7/22 1:40,25.028,0,,,,,
3792,2/7/22 1:50,24.931,0,,,,,
3793,2/7/22 2:00,24.931,0,,,,,
3794,2/7/22 2:10,24.931,0,,,,,
3795,2/7/22 2:20,24.835,0,,,,,
3796,2/7/22 2:30,24.835,0,,,,,
3797,2/7/22 2:40,24.835,0,,,,,
3798,2/7/22 2:50,24.835,0,,,,,
3799,2/7/22 3:00,24.835,0,,,,,
3800,2/7/22 3:10,24.835,0,,,,,
3801,2/7/22 3:20,24.835,0,,,,,
3802,2/7/22 3:30,24.835,0,,,,,
3803,2/7/22 3:40,24.835,0,,,,,
3804,2/7/22 3:50,24.835,0,,,,,
3805,2/7/22 4:00,24.835,0,,,,,
3806,2/7/22 4:10,24.738,0,,,,,
3807,2/7/22 4:20,24.738,0,,,,,
3808,2/7/22 4:30,24.738,0,,,,,
3809,2/7/22 4:40,24.738,0,,,,,
3810,2/7/22 4:50,24.641,0,,,,,
3811,2/7/22 5:00,24.641,0,,,,,
3812,2/7/22 5:10,24.641,0,,,,,
3813,2/7/22 5:20,24.641,0,,,,,
3814,2/7/22 5:30,24.641,0,,,,,
3815,2/7/22 5:40,24.641,0,,,,,
3816,2/7/22 5:50,24.641,0,,,,,
3817,2/7/22 6:00,24.545,0,,,,,
3818,2/7/22 6:10,24.641,0,,,,,
3819,2/7/22 6:20,24.448,64.6,,,,,
3820,2/7/22 6:30,24.545,258.3,,,,,
3821,2/7/22 6:40,24.641,731.9,,,,,
3822,2/7/22 6:50,24.545,1130.2,,,,,
3823,2/7/22 7:00,24.641,1377.8,,,,,
3824,2/7/22 7:10,24.738,1550,,,,,
3825,2/7/22 7:20,24.738,979.5,,,,,
3826,2/7/22 7:30,24.835,1894.5,,,,,
3827,2/7/22 7:40,24.835,2755.6,,,,,
3828,2/7/22 7:50,24.835,1894.5,,,,,
3829,2/7/22 8:00,24.931,3616.7,,,,,
3830,2/7/22 8:10,24.931,3961.1,,,,,
3831,2/7/22 8:20,24.931,2325,,,,,
3832,2/7/22 8:30,24.931,1302.4,,,,,
3833,2/7/22 8:40,25.125,3961.1,,,,,
3834,2/7/22 8:50,25.125,12400.1,,,,,
3835,2/7/22 9:00,25.222,1550,,,,,
3836,2/7/22 9:10,25.222,2927.8,,,,,
3837,2/7/22 9:20,25.319,2755.6,,,,,
3838,2/7/22 9:30,25.319,4305.6,,,,,
3839,2/7/22 9:40,25.416,12400.1,,,,,
3840,2/7/22 9:50,25.416,2497.2,,,,,
3841,2/7/22 10:00,25.513,3616.7,,,,,
3842,2/7/22 10:10,25.513,4133.4,,,,,
3843,2/7/22 10:20,25.513,3961.1,,,,,
3844,2/7/22 10:30,25.61,4133.4,,,,,
3845,2/7/22 10:40,25.61,2411.1,,,,,
3846,2/7/22 10:50,25.61,2927.8,,,,,
3847,2/7/22 11:00,25.708,1894.5,,,,,
3848,2/7/22 11:10,25.708,2411.1,,,,,
3849,2/7/22 11:20,25.708,2238.9,,,,,
3850,2/7/22 11:30,25.708,1894.5,,,,,
3851,2/7/22 11:40,25.61,1636.1,,,,,
3852,2/7/22 11:50,25.708,1980.6,,,,,
3853,2/7/22 12:00,25.708,1463.9,,,,,
3854,2/7/22 12:10,25.708,2066.7,,,,,
3855,2/7/22 12:20,25.61,1463.9,,,,,
3856,2/7/22 12:30,25.708,1270.1,,,,,
3857,2/7/22 12:40,25.708,1194.8,,,,,
3858,2/7/22 12:50,25.805,1162.5,,,,,
3859,2/7/22 13:00,26,1097.9,,,,,
3860,2/7/22 13:10,26,1001,,,,,
3861,2/7/22 13:20,26,882.6,,,,,
3862,2/7/22 13:30,26.097,893.4,,,,,
3863,2/7/22 13:40,26.097,828.8,,,,,
3864,2/7/22 13:50,26.097,753.5,,,,,
3865,2/7/22 14:00,26.097,1087.2,,,,,
3866,2/7/22 14:10,26.195,1377.8,,,,,
3867,2/7/22 14:20,26.097,1324,,,,,
3868,2/7/22 14:30,25.805,1377.8,,,,,
3869,2/7/22 14:40,25.902,1280.9,,,,,
3870,2/7/22 14:50,25.902,936.5,,,,,
3871,2/7/22 15:00,25.902,861.1,,,,,
3872,2/7/22 15:10,25.805,818.1,,,,,
3873,2/7/22 15:20,25.805,775,,,,,
3874,2/7/22 15:30,25.708,742.7,,,,,
3875,2/7/22 15:40,25.708,721.2,,,,,
3876,2/7/22 15:50,25.708,678.1,,,,,
3877,2/7/22 16:00,25.708,656.6,,,,,
3878,2/7/22 16:10,25.805,635.1,,,,,
3879,2/7/22 16:20,25.805,570.5,,,,,
3880,2/7/22 16:30,25.708,581.3,,,,,
3881,2/7/22 16:40,25.805,570.5,,,,,
3882,2/7/22 16:50,25.708,505.9,,,,,
3883,2/7/22 17:00,25.708,462.9,,,,,
3884,2/7/22 17:10,25.708,441.3,,,,,
3885,2/7/22 17:20,25.61,376.7,,,,,
3886,2/7/22 17:30,25.513,269.1,,,,,
3887,2/7/22 17:40,25.513,247.6,,,,,
3888,2/7/22 17:50,25.319,193.8,,,,,
3889,2/7/22 18:00,25.222,129.2,,,,,
3890,2/7/22 18:10,25.028,64.6,,,,,
3891,2/7/22 18:20,24.931,21.5,,,,,
3892,2/7/22 18:30,24.835,0,,,,,
3893,2/7/22 18:40,24.835,0,,,,,
3894,2/7/22 18:50,24.835,0,,,,,
3895,2/7/22 19:00,24.931,0,,,,,
3896,2/7/22 19:10,24.931,0,,,,,
3897,2/7/22 19:20,25.028,0,,,,,
3898,2/7/22 19:30,24.931,0,,,,,
3899,2/7/22 19:40,25.028,0,,,,,
3900,2/7/22 19:50,25.028,0,,,,,
3901,2/7/22 20:00,25.028,0,,,,,
3902,2/7/22 20:10,25.125,0,,,,,
3903,2/7/22 20:20,25.125,0,,,,,
3904,2/7/22 20:30,24.931,0,,,,,
3905,2/7/22 20:40,24.931,0,,,,,
3906,2/7/22 20:50,25.028,0,,,,,
3907,2/7/22 21:00,24.931,0,,,,,
3908,2/7/22 21:10,25.028,0,,,,,
3909,2/7/22 21:20,25.028,0,,,,,
3910,2/7/22 21:30,25.125,0,,,,,
3911,2/7/22 21:40,25.028,0,,,,,
3912,2/7/22 21:50,25.125,0,,,,,
3913,2/7/22 22:00,25.125,0,,,,,
3914,2/7/22 22:10,25.028,0,,,,,
3915,2/7/22 22:20,25.028,0,,,,,
3916,2/7/22 22:30,24.931,0,,,,,
3917,2/7/22 22:40,24.931,0,,,,,
3918,2/7/22 22:50,24.931,0,,,,,
3919,2/7/22 23:00,24.931,0,,,,,
3920,2/7/22 23:10,24.931,0,,,,,
3921,2/7/22 23:20,24.931,0,,,,,
3922,2/7/22 23:30,24.931,0,,,,,
3923,2/7/22 23:40,24.931,0,,,,,
3924,2/7/22 23:50,24.835,0,,,,,
3925,2/8/22 0:00,24.835,0,,,,,
3926,2/8/22 0:10,24.835,0,,,,,
3927,2/8/22 0:20,24.738,0,,,,,
3928,2/8/22 0:30,24.738,0,,,,,
3929,2/8/22 0:40,24.738,0,,,,,
3930,2/8/22 0:50,24.738,0,,,,,
3931,2/8/22 1:00,24.738,0,,,,,
3932,2/8/22 1:10,24.641,0,,,,,
3933,2/8/22 1:20,24.738,0,,,,,
3934,2/8/22 1:30,24.738,0,,,,,
3935,2/8/22 1:40,24.738,0,,,,,
3936,2/8/22 1:50,24.738,0,,,,,
3937,2/8/22 2:00,24.738,0,,,,,
3938,2/8/22 2:10,24.641,0,,,,,
3939,2/8/22 2:20,24.641,0,,,,,
3940,2/8/22 2:30,24.641,0,,,,,
3941,2/8/22 2:40,24.641,0,,,,,
3942,2/8/22 2:50,24.641,0,,,,,
3943,2/8/22 3:00,24.641,0,,,,,
3944,2/8/22 3:10,24.545,0,,,,,
3945,2/8/22 3:20,24.545,0,,,,,
3946,2/8/22 3:30,24.448,0,,,,,
3947,2/8/22 3:40,24.448,0,,,,,
3948,2/8/22 3:50,24.351,0,,,,,
3949,2/8/22 4:00,24.351,0,,,,,
3950,2/8/22 4:10,24.255,0,,,,,
3951,2/8/22 4:20,24.255,0,,,,,
3952,2/8/22 4:30,24.158,0,,,,,
3953,2/8/22 4:40,24.158,0,,,,,
3954,2/8/22 4:50,24.062,0,,,,,
3955,2/8/22 5:00,23.966,0,,,,,
3956,2/8/22 5:10,23.773,0,,,,,
3957,2/8/22 5:20,23.677,0,,,,,
3958,2/8/22 5:30,23.677,0,,,,,
3959,2/8/22 5:40,23.677,0,,,,,
3960,2/8/22 5:50,23.484,0,,,,,
3961,2/8/22 6:00,23.581,0,,,,,
3962,2/8/22 6:10,23.484,10.8,,,,,
3963,2/8/22 6:20,23.388,86.1,,,,,
3964,2/8/22 6:30,23.292,226,,,,,
3965,2/8/22 6:40,23.004,624.3,,,,,
3966,2/8/22 6:50,22.621,1377.8,,,,,
3967,2/8/22 7:00,22.812,2411.1,,,,,
3968,2/8/22 7:10,23.004,2669.5,,,,,
3969,2/8/22 7:20,22.908,75.3,,,,,
3970,2/8/22 7:30,23.1,1894.5,,,,,
3971,2/8/22 7:40,23.292,688.9,,,,,
3972,2/8/22 7:50,23.388,624.3,,,,,
3973,2/8/22 8:00,23.388,1334.7,,,,,
3974,2/8/22 8:10,23.484,3616.7,,,,,
3975,2/8/22 8:20,23.677,3100,,,,,
3976,2/8/22 8:30,23.869,4650,,,,,
3977,2/8/22 8:40,24.062,4822.3,,,,,
3978,2/8/22 8:50,24.158,5166.7,,,,,
3979,2/8/22 9:00,24.351,5338.9,,,,,
3980,2/8/22 9:10,24.255,6200,,,,,
3981,2/8/22 9:20,24.448,5166.7,,,,,
3982,2/8/22 9:30,24.448,2238.9,,,,,
3983,2/8/22 9:40,24.641,1894.5,,,,,
3984,2/8/22 9:50,24.641,3788.9,,,,,
3985,2/8/22 10:00,24.641,2325,,,,,
3986,2/8/22 10:10,24.641,4133.4,,,,,
3987,2/8/22 10:20,24.738,2755.6,,,,,
3988,2/8/22 10:30,24.738,2927.8,,,,,
3989,2/8/22 10:40,24.738,3272.2,,,,,
3990,2/8/22 10:50,24.738,2066.7,,,,,
3991,2/8/22 11:00,24.738,1463.9,,,,,
3992,2/8/22 11:10,24.738,2411.1,,,,,
3993,2/8/22 11:20,24.641,1722.2,,,,,
3994,2/8/22 11:30,24.738,1722.2,,,,,
3995,2/8/22 11:40,24.738,5166.7,,,,,
3996,2/8/22 11:50,24.738,1313.2,,,,,
3997,2/8/22 12:00,24.641,1141,,,,,
3998,2/8/22 12:10,24.641,1173.3,,,,,
3999,2/8/22 12:20,24.738,2669.5,,,,,
4000,2/8/22 12:30,24.738,958,,,,,
4001,2/8/22 12:40,24.835,1636.1,,,,,
4002,2/8/22 12:50,24.835,1162.5,,,,,
4003,2/8/22 13:00,24.931,958,,,,,
4004,2/8/22 13:10,24.931,893.4,,,,,
4005,2/8/22 13:20,25.028,871.9,,,,,
4006,2/8/22 13:30,25.125,764.2,,,,,
4007,2/8/22 13:40,25.125,818.1,,,,,
4008,2/8/22 13:50,25.222,764.2,,,,,
4009,2/8/22 14:00,25.222,914.9,,,,,
4010,2/8/22 14:10,25.319,742.7,,,,,
4011,2/8/22 14:20,25.319,785.8,,,,,
4012,2/8/22 14:30,25.319,721.2,,,,,
4013,2/8/22 14:40,25.416,688.9,,,,,
4014,2/8/22 14:50,25.319,667.4,,,,,
4015,2/8/22 15:00,25.319,753.5,,,,,
4016,2/8/22 15:10,25.319,731.9,,,,,
4017,2/8/22 15:20,25.319,688.9,,,,,
4018,2/8/22 15:30,25.222,602.8,,,,,
4019,2/8/22 15:40,25.222,678.1,,,,,
4020,2/8/22 15:50,25.222,645.8,,,,,
4021,2/8/22 16:00,25.125,592,,,,,
4022,2/8/22 16:10,25.125,581.3,,,,,
4023,2/8/22 16:20,24.931,538.2,,,,,
4024,2/8/22 16:30,24.931,527.4,,,,,
4025,2/8/22 16:40,24.931,505.9,,,,,
4026,2/8/22 16:50,24.931,516.7,,,,,
4027,2/8/22 17:00,24.931,398.3,,,,,
4028,2/8/22 17:10,24.931,366,,,,,
4029,2/8/22 17:20,24.931,398.3,,,,,
4030,2/8/22 17:30,24.835,301.4,,,,,
4031,2/8/22 17:40,24.835,236.8,,,,,
4032,2/8/22 17:50,24.835,118.4,,,,,
4033,2/8/22 18:00,24.835,86.1,,,,,
4034,2/8/22 18:10,24.835,32.3,,,,,
4035,2/8/22 18:20,24.738,0,,,,,
4036,2/8/22 18:30,24.641,0,,,,,
4037,2/8/22 18:40,24.641,0,,,,,
4038,2/8/22 18:50,24.641,0,,,,,
4039,2/8/22 19:00,24.641,0,,,,,
4040,2/8/22 19:10,24.641,0,,,,,
4041,2/8/22 19:20,24.641,0,,,,,
4042,2/8/22 19:30,24.641,0,,,,,
4043,2/8/22 19:40,24.641,0,,,,,
4044,2/8/22 19:50,24.738,0,,,,,
4045,2/8/22 20:00,24.738,0,,,,,
4046,2/8/22 20:10,24.738,0,,,,,
4047,2/8/22 20:20,24.738,0,,,,,
4048,2/8/22 20:30,24.738,0,,,,,
4049,2/8/22 20:40,24.738,0,,,,,
4050,2/8/22 20:50,24.738,0,,,,,
4051,2/8/22 21:00,24.738,0,,,,,
4052,2/8/22 21:10,24.738,0,,,,,
4053,2/8/22 21:20,24.641,0,,,,,
4054,2/8/22 21:30,24.641,0,,,,,
4055,2/8/22 21:40,24.641,0,,,,,
4056,2/8/22 21:50,24.641,0,,,,,
4057,2/8/22 22:00,24.641,0,,,,,
4058,2/8/22 22:10,24.545,0,,,,,
4059,2/8/22 22:20,24.641,0,,,,,
4060,2/8/22 22:30,24.545,0,,,,,
4061,2/8/22 22:40,24.545,0,,,,,
4062,2/8/22 22:50,24.545,0,,,,,
4063,2/8/22 23:00,24.545,0,,,,,
4064,2/8/22 23:10,24.545,0,,,,,
4065,2/8/22 23:20,24.545,0,,,,,
4066,2/8/22 23:30,24.545,0,,,,,
4067,2/8/22 23:40,24.545,0,,,,,
4068,2/8/22 23:50,24.545,0,,,,,
4069,2/9/22 0:00,24.545,0,,,,,
4070,2/9/22 0:10,24.545,0,,,,,
4071,2/9/22 0:20,24.545,0,,,,,
4072,2/9/22 0:30,24.545,0,,,,,
4073,2/9/22 0:40,24.545,0,,,,,
4074,2/9/22 0:50,24.545,0,,,,,
4075,2/9/22 1:00,24.545,0,,,,,
4076,2/9/22 1:10,24.545,0,,,,,
4077,2/9/22 1:20,24.545,0,,,,,
4078,2/9/22 1:30,24.545,0,,,,,
4079,2/9/22 1:40,24.545,0,,,,,
4080,2/9/22 1:50,24.545,0,,,,,
4081,2/9/22 2:00,24.545,0,,,,,
4082,2/9/22 2:10,24.545,0,,,,,
4083,2/9/22 2:20,24.448,0,,,,,
4084,2/9/22 2:30,24.448,0,,,,,
4085,2/9/22 2:40,24.448,0,,,,,
4086,2/9/22 2:50,24.448,0,,,,,
4087,2/9/22 3:00,24.448,0,,,,,
4088,2/9/22 3:10,24.448,0,,,,,
4089,2/9/22 3:20,24.448,0,,,,,
4090,2/9/22 3:30,24.448,0,,,,,
4091,2/9/22 3:40,24.448,0,,,,,
4092,2/9/22 3:50,24.448,0,,,,,
4093,2/9/22 4:00,24.448,0,,,,,
4094,2/9/22 4:10,24.448,0,,,,,
4095,2/9/22 4:20,24.448,0,,,,,
4096,2/9/22 4:30,24.448,0,,,,,
4097,2/9/22 4:40,24.448,0,,,,,
4098,2/9/22 4:50,24.351,0,,,,,
4099,2/9/22 5:00,24.351,0,,,,,
4100,2/9/22 5:10,24.255,0,,,,,
4101,2/9/22 5:20,24.255,0,,,,,
4102,2/9/22 5:30,24.158,0,,,,,
4103,2/9/22 5:40,24.158,0,,,,,
4104,2/9/22 5:50,24.158,0,,,,,
4105,2/9/22 6:00,24.158,0,,,,,
4106,2/9/22 6:10,24.158,0,,,,,
4107,2/9/22 6:20,24.158,21.5,,,,,
4108,2/9/22 6:30,24.158,193.8,,,,,
4109,2/9/22 6:40,24.158,333.7,,,,,
4110,2/9/22 6:50,24.158,441.3,,,,,
4111,2/9/22 7:00,24.158,376.7,,,,,
4112,2/9/22 7:10,24.255,602.8,,,,,
4113,2/9/22 7:20,24.255,3616.7,,,,,
4114,2/9/22 7:30,24.351,3616.7,,,,,
4115,2/9/22 7:40,24.351,2066.7,,,,,
4116,2/9/22 7:50,24.351,3272.2,,,,,
4117,2/9/22 8:00,24.351,3616.7,,,,,
4118,2/9/22 8:10,24.351,3961.1,,,,,
4119,2/9/22 8:20,24.448,10333.4,,,,,
4120,2/9/22 8:30,24.448,10333.4,,,,,
4121,2/9/22 8:40,24.448,5166.7,,,,,
4122,2/9/22 8:50,24.448,3444.5,,,,,
4123,2/9/22 9:00,24.545,6200,,,,,
4124,2/9/22 9:10,24.448,3100,,,,,
4125,2/9/22 9:20,24.448,3961.1,,,,,
4126,2/9/22 9:30,24.448,6544.5,,,,,
4127,2/9/22 9:40,24.448,3616.7,,,,,
4128,2/9/22 9:50,24.351,4477.8,,,,,
4129,2/9/22 10:00,24.351,3961.1,,,,,
4130,2/9/22 10:10,24.351,3961.1,,,,,
4131,2/9/22 10:20,24.351,2325,,,,,
4132,2/9/22 10:30,24.351,3444.5,,,,,
4133,2/9/22 10:40,24.351,2238.9,,,,,
4134,2/9/22 10:50,24.448,2066.7,,,,,
4135,2/9/22 11:00,24.545,2152.8,,,,,
4136,2/9/22 11:10,24.545,2411.1,,,,,
4137,2/9/22 11:20,24.641,2066.7,,,,,
4138,2/9/22 11:30,24.738,2152.8,,,,,
4139,2/9/22 11:40,24.738,1808.3,,,,,
4140,2/9/22 11:50,24.738,1722.2,,,,,
4141,2/9/22 12:00,24.931,33066.9,,,,,
4142,2/9/22 12:10,25.222,39955.8,,,,,
4143,2/9/22 12:20,25.222,21355.7,,,,,
4144,2/9/22 12:30,24.931,409,,,,,
4145,2/9/22 12:40,24.835,796.5,,,,,
4146,2/9/22 12:50,24.931,495.1,,,,,
4147,2/9/22 13:00,24.931,452.1,,,,,
4148,2/9/22 13:10,24.931,699.7,,,,,
4149,2/9/22 13:20,25.028,635.1,,,,,
4150,2/9/22 13:30,25.028,570.5,,,,,
4151,2/9/22 13:40,25.125,538.2,,,,,
4152,2/9/22 13:50,24.931,581.3,,,,,
4153,2/9/22 14:00,25.028,559.7,,,,,
4154,2/9/22 14:10,25.028,592,,,,,
4155,2/9/22 14:20,25.125,505.9,,,,,
4156,2/9/22 14:30,25.125,559.7,,,,,
4157,2/9/22 14:40,25.125,441.3,,,,,
4158,2/9/22 14:50,25.222,441.3,,,,,
4159,2/9/22 15:00,25.222,441.3,,,,,
4160,2/9/22 15:10,25.125,441.3,,,,,
4161,2/9/22 15:20,25.125,462.9,,,,,
4162,2/9/22 15:30,25.125,441.3,,,,,
4163,2/9/22 15:40,25.125,376.7,,,,,
4164,2/9/22 15:50,24.931,355.2,,,,,
4165,2/9/22 16:00,24.931,258.3,,,,,
4166,2/9/22 16:10,24.931,269.1,,,,,
4167,2/9/22 16:20,24.738,322.9,,,,,
4168,2/9/22 16:30,24.738,376.7,,,,,
4169,2/9/22 16:40,24.641,247.6,,,,,
4170,2/9/22 16:50,24.641,301.4,,,,,
4171,2/9/22 17:00,24.545,269.1,,,,,
4172,2/9/22 17:10,24.545,204.5,,,,,
4173,2/9/22 17:20,24.545,247.6,,,,,
4174,2/9/22 17:30,24.448,193.8,,,,,
4175,2/9/22 17:40,24.448,129.2,,,,,
4176,2/9/22 17:50,24.448,86.1,,,,,
4177,2/9/22 18:00,24.448,32.3,,,,,
4178,2/9/22 18:10,24.351,10.8,,,,,
4179,2/9/22 18:20,24.448,0,,,,,
4180,2/9/22 18:30,24.448,0,,,,,
4181,2/9/22 18:40,24.448,0,,,,,
4182,2/9/22 18:50,24.448,0,,,,,
4183,2/9/22 19:00,24.448,0,,,,,
4184,2/9/22 19:10,24.545,0,,,,,
4185,2/9/22 19:20,24.641,0,,,,,
4186,2/9/22 19:30,24.545,0,,,,,
4187,2/9/22 19:40,24.545,0,,,,,
4188,2/9/22 19:50,24.545,0,,,,,
4189,2/9/22 20:00,24.545,0,,,,,
4190,2/9/22 20:10,24.545,0,,,,,
4191,2/9/22 20:20,24.545,0,,,,,
4192,2/9/22 20:30,24.448,0,,,,,
4193,2/9/22 20:40,24.351,0,,,,,
4194,2/9/22 20:50,24.351,0,,,,,
4195,2/9/22 21:00,24.351,0,,,,,
4196,2/9/22 21:10,24.351,0,,,,,
4197,2/9/22 21:20,24.255,0,,,,,
4198,2/9/22 21:30,24.351,0,,,,,
4199,2/9/22 21:40,24.351,0,,,,,
4200,2/9/22 21:50,24.255,0,,,,,
4201,2/9/22 22:00,24.351,0,,,,,
4202,2/9/22 22:10,24.351,0,,,,,
4203,2/9/22 22:20,24.351,0,,,,,
4204,2/9/22 22:30,24.351,0,,,,,
4205,2/9/22 22:40,24.351,0,,,,,
4206,2/9/22 22:50,24.351,0,,,,,
4207,2/9/22 23:00,24.351,0,,,,,
4208,2/9/22 23:10,24.351,0,,,,,
4209,2/9/22 23:20,24.351,0,,,,,
4210,2/9/22 23:30,24.351,0,,,,,
4211,2/9/22 23:40,24.351,0,,,,,
4212,2/9/22 23:50,24.351,0,,,,,
4213,2/10/22 0:00,24.351,0,,,,,
4214,2/10/22 0:10,24.351,0,,,,,
4215,2/10/22 0:20,24.255,0,,,,,
4216,2/10/22 0:30,24.255,0,,,,,
4217,2/10/22 0:40,24.255,0,,,,,
4218,2/10/22 0:50,24.255,0,,,,,
4219,2/10/22 1:00,24.255,0,,,,,
4220,2/10/22 1:10,24.255,0,,,,,
4221,2/10/22 1:20,24.255,0,,,,,
4222,2/10/22 1:30,24.255,0,,,,,
4223,2/10/22 1:40,24.255,0,,,,,
4224,2/10/22 1:50,24.255,0,,,,,
4225,2/10/22 2:00,24.158,0,,,,,
4226,2/10/22 2:10,24.158,0,,,,,
4227,2/10/22 2:20,24.158,0,,,,,
4228,2/10/22 2:30,24.158,0,,,,,
4229,2/10/22 2:40,24.158,0,,,,,
4230,2/10/22 2:50,24.158,0,,,,,
4231,2/10/22 3:00,24.158,0,,,,,
4232,2/10/22 3:10,24.158,0,,,,,
4233,2/10/22 3:20,24.158,0,,,,,
4234,2/10/22 3:30,24.158,0,,,,,
4235,2/10/22 3:40,24.158,0,,,,,
4236,2/10/22 3:50,24.158,0,,,,,
4237,2/10/22 4:00,24.158,0,,,,,
4238,2/10/22 4:10,24.158,0,,,,,
4239,2/10/22 4:20,24.158,0,,,,,
4240,2/10/22 4:30,24.158,0,,,,,
4241,2/10/22 4:40,24.158,0,,,,,
4242,2/10/22 4:50,24.158,0,,,,,
4243,2/10/22 5:00,24.158,0,,,,,
4244,2/10/22 5:10,24.158,0,,,,,
4245,2/10/22 5:20,24.158,0,,,,,
4246,2/10/22 5:30,24.158,0,,,,,
4247,2/10/22 5:40,24.062,0,,,,,
4248,2/10/22 5:50,23.966,0,,,,,
4249,2/10/22 6:00,24.062,0,,,,,
4250,2/10/22 6:10,24.062,0,,,,,
4251,2/10/22 6:20,24.062,0,,,,,
4252,2/10/22 6:30,23.966,21.5,,,,,
4253,2/10/22 6:40,23.966,32.3,,,,,
4254,2/10/22 6:50,23.869,53.8,,,,,
4255,2/10/22 7:00,23.966,75.3,,,,,
4256,2/10/22 7:10,23.966,139.9,,,,,
4257,2/10/22 7:20,23.966,215.3,,,,,
4258,2/10/22 7:30,24.062,430.6,,,,,
4259,2/10/22 7:40,24.062,1722.2,,,,,
4260,2/10/22 7:50,24.158,785.8,,,,,
4261,2/10/22 8:00,24.255,1184,,,,,
4262,2/10/22 8:10,24.255,990.3,,,,,
4263,2/10/22 8:20,24.545,958,,,,,
4264,2/10/22 8:30,24.835,839.6,,,,,
4265,2/10/22 8:40,24.835,947.2,,,,,
4266,2/10/22 8:50,24.448,419.8,,,,,
4267,2/10/22 9:00,24.931,979.5,,,,,
4268,2/10/22 9:10,25.028,936.5,,,,,
4269,2/10/22 9:20,25.125,1119.5,,,,,
4270,2/10/22 9:30,25.125,1302.4,,,,,
4271,2/10/22 9:40,25.125,1151.7,,,,,
4272,2/10/22 9:50,25.125,1184,,,,,
4273,2/10/22 10:00,25.125,1280.9,,,,,
4274,2/10/22 10:10,25.222,1270.1,,,,,
4275,2/10/22 10:20,25.319,1302.4,,,,,
4276,2/10/22 10:30,25.319,1550,,,,,
4277,2/10/22 10:40,25.416,1636.1,,,,,
4278,2/10/22 10:50,25.513,1205.6,,,,,
4279,2/10/22 11:00,25.61,1463.9,,,,,
4280,2/10/22 11:10,25.513,1636.1,,,,,
4281,2/10/22 11:20,24.931,1065.6,,,,,
4282,2/10/22 11:30,25.513,1550,,,,,
4283,2/10/22 11:40,25.416,1377.8,,,,,
4284,2/10/22 11:50,25.513,1463.9,,,,,
4285,2/10/22 12:00,25.513,1280.9,,,,,
4286,2/10/22 12:10,25.416,1011.8,,,,,
4287,2/10/22 12:20,25.708,1377.8,,,,,
4288,2/10/22 12:30,25.513,1377.8,,,,,
4289,2/10/22 12:40,25.513,1345.5,,,,,
4290,2/10/22 12:50,25.513,1377.8,,,,,
4291,2/10/22 13:00,25.61,1463.9,,,,,
4292,2/10/22 13:10,25.708,1377.8,,,,,
4293,2/10/22 13:20,25.708,1377.8,,,,,
4294,2/10/22 13:30,25.513,1313.2,,,,,
4295,2/10/22 13:40,25.513,1377.8,,,,,
4296,2/10/22 13:50,25.513,1377.8,,,,,
4297,2/10/22 14:00,25.222,624.3,,,,,
4298,2/10/22 14:10,25.028,624.3,,,,,
4299,2/10/22 14:20,25.125,549,,,,,
4300,2/10/22 14:30,24.931,462.9,,,,,
4301,2/10/22 14:40,24.931,505.9,,,,,
4302,2/10/22 14:50,24.931,592,,,,,
4303,2/10/22 15:00,24.931,613.5,,,,,
4304,2/10/22 15:10,24.931,484.4,,,,,
4305,2/10/22 15:20,24.931,602.8,,,,,
4306,2/10/22 15:30,24.931,462.9,,,,,
4307,2/10/22 15:40,24.835,333.7,,,,,
4308,2/10/22 15:50,24.835,301.4,,,,,
4309,2/10/22 16:00,24.835,269.1,,,,,
4310,2/10/22 16:10,24.835,387.5,,,,,
4311,2/10/22 16:20,24.835,409,,,,,
4312,2/10/22 16:30,24.738,322.9,,,,,
4313,2/10/22 16:40,24.641,387.5,,,,,
4314,2/10/22 16:50,24.641,333.7,,,,,
4315,2/10/22 17:00,24.641,226,,,,,
4316,2/10/22 17:10,24.641,269.1,,,,,
4317,2/10/22 17:20,24.545,226,,,,,
4318,2/10/22 17:30,24.545,150.7,,,,,
4319,2/10/22 17:40,24.448,107.6,,,,,
4320,2/10/22 17:50,24.448,107.6,,,,,
4321,2/10/22 18:00,24.448,43.1,,,,,
4322,2/10/22 18:10,24.448,10.8,,,,,
4323,2/10/22 18:20,24.351,0,,,,,
4324,2/10/22 18:30,24.351,0,,,,,
4325,2/10/22 18:40,24.351,0,,,,,
4326,2/10/22 18:50,24.351,0,,,,,
4327,2/10/22 19:00,24.351,0,,,,,
4328,2/10/22 19:10,24.351,0,,,,,
4329,2/10/22 19:20,24.351,0,,,,,
4330,2/10/22 19:30,24.351,0,,,,,
4331,2/10/22 19:40,24.255,0,,,,,
4332,2/10/22 19:50,24.351,0,,,,,
4333,2/10/22 20:00,24.351,0,,,,,
4334,2/10/22 20:10,24.351,0,,,,,
4335,2/10/22 20:20,24.351,0,,,,,
4336,2/10/22 20:30,24.255,0,,,,,
4337,2/10/22 20:40,24.255,0,,,,,
4338,2/10/22 20:50,24.255,0,,,,,
4339,2/10/22 21:00,24.351,0,,,,,
4340,2/10/22 21:10,24.255,0,,,,,
4341,2/10/22 21:20,24.448,0,,,,,
4342,2/10/22 21:30,24.448,0,,,,,
4343,2/10/22 21:40,24.545,0,,,,,
4344,2/10/22 21:50,24.545,0,,,,,
4345,2/10/22 22:00,24.545,0,,,,,
4346,2/10/22 22:10,24.545,0,,,,,
4347,2/10/22 22:20,24.545,0,,,,,
4348,2/10/22 22:30,24.545,0,,,,,
4349,2/10/22 22:40,24.545,0,,,,,
4350,2/10/22 22:50,24.448,0,,,,,
4351,2/10/22 23:00,24.448,0,,,,,
4352,2/10/22 23:10,24.448,0,,,,,
4353,2/10/22 23:20,24.448,0,,,,,
4354,2/10/22 23:30,24.448,0,,,,,
4355,2/10/22 23:40,24.448,0,,,,,
4356,2/10/22 23:50,24.448,0,,,,,
4357,2/11/22 0:00,24.448,0,,,,,
4358,2/11/22 0:10,24.448,0,,,,,
4359,2/11/22 0:20,24.351,0,,,,,
4360,2/11/22 0:30,24.351,0,,,,,
4361,2/11/22 0:40,24.351,0,,,,,
4362,2/11/22 0:50,24.351,0,,,,,
4363,2/11/22 1:00,24.351,0,,,,,
4364,2/11/22 1:10,24.255,0,,,,,
4365,2/11/22 1:20,24.255,0,,,,,
4366,2/11/22 1:30,24.255,0,,,,,
4367,2/11/22 1:40,24.351,0,,,,,
4368,2/11/22 1:50,24.255,0,,,,,
4369,2/11/22 2:00,24.255,0,,,,,
4370,2/11/22 2:10,24.255,0,,,,,
4371,2/11/22 2:20,24.255,0,,,,,
4372,2/11/22 2:30,24.255,0,,,,,
4373,2/11/22 2:40,24.158,0,,,,,
4374,2/11/22 2:50,24.158,0,,,,,
4375,2/11/22 3:00,24.158,0,,,,,
4376,2/11/22 3:10,24.158,0,,,,,
4377,2/11/22 3:20,24.158,0,,,,,
4378,2/11/22 3:30,24.158,0,,,,,
4379,2/11/22 3:40,24.158,0,,,,,
4380,2/11/22 3:50,24.158,0,,,,,
4381,2/11/22 4:00,24.158,0,,,,,
4382,2/11/22 4:10,24.158,0,,,,,
4383,2/11/22 4:20,24.158,0,,,,,
4384,2/11/22 4:30,24.158,0,,,,,
4385,2/11/22 4:40,24.158,0,,,,,
4386,2/11/22 4:50,24.158,0,,,,,
4387,2/11/22 5:00,24.158,0,,,,,
4388,2/11/22 5:10,24.062,0,,,,,
4389,2/11/22 5:20,24.158,0,,,,,
4390,2/11/22 5:30,24.062,0,,,,,
4391,2/11/22 5:40,24.062,0,,,,,
4392,2/11/22 5:50,24.062,0,,,,,
4393,2/11/22 6:00,24.062,0,,,,,
4394,2/11/22 6:10,24.062,0,,,,,
4395,2/11/22 6:20,23.966,0,,,,,
4396,2/11/22 6:30,23.966,0,,,,,
4397,2/11/22 6:40,23.966,0,,,,,
4398,2/11/22 6:50,23.966,32.3,,,,,
4399,2/11/22 7:00,24.062,107.6,,,,,
4400,2/11/22 7:10,24.062,86.1,,,,,
4401,2/11/22 7:20,24.062,107.6,,,,,
4402,2/11/22 7:30,24.062,129.2,,,,,
4403,2/11/22 7:40,24.062,118.4,,,,,
4404,2/11/22 7:50,24.158,204.5,,,,,
4405,2/11/22 8:00,24.255,269.1,,,,,
4406,2/11/22 8:10,24.351,333.7,,,,,
4407,2/11/22 8:20,24.255,226,,,,,
4408,2/11/22 8:30,24.545,602.8,,,,,
4409,2/11/22 8:40,24.931,882.6,,,,,
4410,2/11/22 8:50,24.545,387.5,,,,,
4411,2/11/22 9:00,24.835,667.4,,,,,
4412,2/11/22 9:10,24.448,355.2,,,,,
4413,2/11/22 9:20,24.448,419.8,,,,,
4414,2/11/22 9:30,24.641,516.7,,,,,
4415,2/11/22 9:40,24.738,753.5,,,,,
4416,2/11/22 9:50,24.448,462.9,,,,,
4417,2/11/22 10:00,24.545,592,,,,,
4418,2/11/22 10:10,24.545,1377.8,,,,,
4419,2/11/22 10:20,24.545,7577.8,,,,,
4420,2/11/22 10:30,24.545,9300.1,,,,,
4421,2/11/22 10:40,24.448,9300.1,,,,,
4422,2/11/22 10:50,24.545,13777.9,,,,,
4423,2/11/22 11:00,24.641,14466.8,,,,,
4424,2/11/22 11:10,24.738,12400.1,,,,,
4425,2/11/22 11:20,24.641,26178,,,,,
4426,2/11/22 11:30,24.641,12400.1,,,,,
4427,2/11/22 11:40,24.545,9644.5,,,,,
4428,2/11/22 11:50,24.545,11711.2,,,,,
4429,2/11/22 12:00,24.545,11022.3,,,,,
4430,2/11/22 12:10,24.545,10677.8,,,,,
4431,2/11/22 12:20,24.545,15155.7,,,,,
4432,2/11/22 12:30,24.641,9300.1,,,,,
4433,2/11/22 12:40,24.641,7577.8,,,,,
4434,2/11/22 12:50,24.641,5511.1,,,,,
4435,2/11/22 13:00,24.738,5511.1,,,,,
4436,2/11/22 13:10,24.738,6200,,,,,
4437,2/11/22 13:20,24.738,5511.1,,,,,
4438,2/11/22 13:30,24.738,5166.7,,,,,
4439,2/11/22 13:40,24.835,6544.5,,,,,
4440,2/11/22 13:50,24.835,6544.5,,,,,
4441,2/11/22 14:00,24.835,5511.1,,,,,
4442,2/11/22 14:10,24.835,6200,,,,,
4443,2/11/22 14:20,24.738,5166.7,,,,,
4444,2/11/22 14:30,24.738,4477.8,,,,,
4445,2/11/22 14:40,24.738,3616.7,,,,,
4446,2/11/22 14:50,24.738,2583.4,,,,,
4447,2/11/22 15:00,24.738,2411.1,,,,,
4448,2/11/22 15:10,24.738,2411.1,,,,,
4449,2/11/22 15:20,24.738,2755.6,,,,,
4450,2/11/22 15:30,24.738,2927.8,,,,,
4451,2/11/22 15:40,24.738,3788.9,,,,,
4452,2/11/22 15:50,24.738,3100,,,,,
4453,2/11/22 16:00,24.738,3272.2,,,,,
4454,2/11/22 16:10,24.641,2669.5,,,,,
4455,2/11/22 16:20,24.641,2238.9,,,,,
4456,2/11/22 16:30,24.641,2066.7,,,,,
4457,2/11/22 16:40,24.641,1636.1,,,,,
4458,2/11/22 16:50,24.641,1550,,,,,
4459,2/11/22 17:00,24.641,1194.8,,,,,
4460,2/11/22 17:10,24.641,1194.8,,,,,
4461,2/11/22 17:20,24.641,592,,,,,
4462,2/11/22 17:30,24.545,656.6,,,,,
4463,2/11/22 17:40,24.641,355.2,,,,,
4464,2/11/22 17:50,24.545,366,,,,,
4465,2/11/22 18:00,24.545,236.8,,,,,
4466,2/11/22 18:10,24.545,96.9,,,,,
4467,2/11/22 18:20,24.448,10.8,,,,,
4468,2/11/22 18:30,24.448,0,,,,,
4469,2/11/22 18:40,24.448,0,,,,,
4470,2/11/22 18:50,24.448,0,,,,,
4471,2/11/22 19:00,24.448,0,,,,,
4472,2/11/22 19:10,24.448,0,,,,,
4473,2/11/22 19:20,24.448,0,,,,,
4474,2/11/22 19:30,24.448,0,,,,,
4475,2/11/22 19:40,24.545,0,,,,,
4476,2/11/22 19:50,24.545,0,,,,,
4477,2/11/22 20:00,24.545,0,,,,,
4478,2/11/22 20:10,24.545,0,,,,,
4479,2/11/22 20:20,24.545,0,,,,,
4480,2/11/22 20:30,24.545,0,,,,,
4481,2/11/22 20:40,24.545,0,,,,,
4482,2/11/22 20:50,24.545,0,,,,,
4483,2/11/22 21:00,24.545,0,,,,,
4484,2/11/22 21:10,24.545,0,,,,,
4485,2/11/22 21:20,24.545,0,,,,,
4486,2/11/22 21:30,24.545,0,,,,,
4487,2/11/22 21:40,24.545,0,,,,,
4488,2/11/22 21:50,24.448,0,,,,,
4489,2/11/22 22:00,24.448,0,,,,,
4490,2/11/22 22:10,24.448,0,,,,,
4491,2/11/22 22:20,24.448,0,,,,,
4492,2/11/22 22:30,24.448,0,,,,,
4493,2/11/22 22:40,24.448,0,,,,,
4494,2/11/22 22:50,24.448,0,,,,,
4495,2/11/22 23:00,24.545,0,,,,,
4496,2/11/22 23:10,24.545,0,,,,,
4497,2/11/22 23:20,24.545,0,,,,,
4498,2/11/22 23:30,24.545,0,,,,,
4499,2/11/22 23:40,24.545,0,,,,,
4500,2/11/22 23:50,24.545,0,,,,,
4501,2/12/22 0:00,24.545,0,,,,,
4502,2/12/22 0:10,24.448,0,,,,,
4503,2/12/22 0:20,24.448,0,,,,,
4504,2/12/22 0:30,24.448,0,,,,,
4505,2/12/22 0:40,24.448,0,,,,,
4506,2/12/22 0:50,24.448,0,,,,,
4507,2/12/22 1:00,24.448,0,,,,,
4508,2/12/22 1:10,24.448,0,,,,,
4509,2/12/22 1:20,24.448,0,,,,,
4510,2/12/22 1:30,24.448,0,,,,,
4511,2/12/22 1:40,24.351,0,,,,,
4512,2/12/22 1:50,24.351,0,,,,,
4513,2/12/22 2:00,24.351,0,,,,,
4514,2/12/22 2:10,24.351,0,,,,,
4515,2/12/22 2:20,24.351,0,,,,,
4516,2/12/22 2:30,24.255,0,,,,,
4517,2/12/22 2:40,24.158,0,,,,,
4518,2/12/22 2:50,24.158,0,,,,,
4519,2/12/22 3:00,24.158,0,,,,,
4520,2/12/22 3:10,24.062,0,,,,,
4521,2/12/22 3:20,24.062,0,,,,,
4522,2/12/22 3:30,23.966,0,,,,,
4523,2/12/22 3:40,23.966,0,,,,,
4524,2/12/22 3:50,23.869,0,,,,,
4525,2/12/22 4:00,23.869,0,,,,,
4526,2/12/22 4:10,23.869,0,,,,,
4527,2/12/22 4:20,23.966,0,,,,,
4528,2/12/22 4:30,23.869,0,,,,,
4529,2/12/22 4:40,23.869,0,,,,,
4530,2/12/22 4:50,23.869,0,,,,,
4531,2/12/22 5:00,23.677,0,,,,,
4532,2/12/22 5:10,23.581,0,,,,,
4533,2/12/22 5:20,23.677,0,,,,,
4534,2/12/22 5:30,23.677,0,,,,,
4535,2/12/22 5:40,23.677,0,,,,,
4536,2/12/22 5:50,23.677,0,,,,,
4537,2/12/22 6:00,23.677,0,,,,,
4538,2/12/22 6:10,23.677,10.8,,,,,
4539,2/12/22 6:20,23.581,172.2,,,,,
4540,2/12/22 6:30,23.581,452.1,,,,,
4541,2/12/22 6:40,23.677,215.3,,,,,
4542,2/12/22 6:50,23.677,807.3,,,,,
4543,2/12/22 7:00,23.677,1463.9,,,,,
4544,2/12/22 7:10,23.581,4822.3,,,,,
4545,2/12/22 7:20,23.581,7233.4,,,,,
4546,2/12/22 7:30,23.677,6544.5,,,,,
4547,2/12/22 7:40,23.677,9644.5,,,,,
4548,2/12/22 7:50,23.581,3961.1,,,,,
4549,2/12/22 8:00,23.581,11022.3,,,,,
4550,2/12/22 8:10,23.677,6544.5,,,,,
4551,2/12/22 8:20,23.677,16533.4,,,,,
4552,2/12/22 8:30,23.773,11711.2,,,,,
4553,2/12/22 8:40,23.773,14466.8,,,,,
4554,2/12/22 8:50,23.773,15844.5,,,,,
4555,2/12/22 9:00,23.773,28933.5,,,,,
4556,2/12/22 9:10,23.773,13777.9,,,,,
4557,2/12/22 9:20,23.869,30311.3,,,,,
4558,2/12/22 9:30,23.773,12400.1,,,,,
4559,2/12/22 9:40,23.966,16533.4,,,,,
4560,2/12/22 9:50,23.677,14466.8,,,,,
4561,2/12/22 10:00,23.677,15155.7,,,,,
4562,2/12/22 10:10,23.773,26178,,,,,
4563,2/12/22 10:20,23.869,22044.6,,,,,
4564,2/12/22 10:30,23.966,15155.7,,,,,
4565,2/12/22 10:40,23.677,8611.2,,,,,
4566,2/12/22 10:50,23.581,12400.1,,,,,
4567,2/12/22 11:00,23.581,7233.4,,,,,
4568,2/12/22 11:10,23.484,7577.8,,,,,
4569,2/12/22 11:20,23.388,7233.4,,,,,
4570,2/12/22 11:30,23.484,7233.4,,,,,
4571,2/12/22 11:40,23.581,7233.4,,,,,
4572,2/12/22 11:50,23.773,7233.4,,,,,
4573,2/12/22 12:00,23.869,9644.5,,,,,
4574,2/12/22 12:10,23.966,5511.1,,,,,
4575,2/12/22 12:20,24.255,6200,,,,,
4576,2/12/22 12:30,24.351,5166.7,,,,,
4577,2/12/22 12:40,24.351,4305.6,,,,,
4578,2/12/22 12:50,24.448,4305.6,,,,,
4579,2/12/22 13:00,24.448,4650,,,,,
4580,2/12/22 13:10,24.448,5166.7,,,,,
4581,2/12/22 13:20,24.545,4305.6,,,,,
4582,2/12/22 13:30,24.545,4133.4,,,,,
4583,2/12/22 13:40,24.641,4133.4,,,,,
4584,2/12/22 13:50,24.835,3788.9,,,,,
4585,2/12/22 14:00,24.835,2238.9,,,,,
4586,2/12/22 14:10,24.835,1808.3,,,,,
4587,2/12/22 14:20,24.835,2152.8,,,,,
4588,2/12/22 14:30,24.835,1636.1,,,,,
4589,2/12/22 14:40,24.931,1550,,,,,
4590,2/12/22 14:50,24.931,2238.9,,,,,
4591,2/12/22 15:00,24.931,2066.7,,,,,
4592,2/12/22 15:10,24.835,1808.3,,,,,
4593,2/12/22 15:20,24.835,1722.2,,,,,
4594,2/12/22 15:30,24.931,2238.9,,,,,
4595,2/12/22 15:40,24.931,2325,,,,,
4596,2/12/22 15:50,24.835,1722.2,,,,,
4597,2/12/22 16:00,24.931,1894.5,,,,,
4598,2/12/22 16:10,24.835,1227.1,,,,,
4599,2/12/22 16:20,24.835,914.9,,,,,
4600,2/12/22 16:30,24.835,925.7,,,,,
4601,2/12/22 16:40,24.835,818.1,,,,,
4602,2/12/22 16:50,24.835,667.4,,,,,
4603,2/12/22 17:00,24.835,613.5,,,,,
4604,2/12/22 17:10,24.835,538.2,,,,,
4605,2/12/22 17:20,24.835,527.4,,,,,
4606,2/12/22 17:30,24.738,473.6,,,,,
4607,2/12/22 17:40,24.738,366,,,,,
4608,2/12/22 17:50,24.738,322.9,,,,,
4609,2/12/22 18:00,24.738,150.7,,,,,
4610,2/12/22 18:10,24.738,75.3,,,,,
4611,2/12/22 18:20,24.738,10.8,,,,,
4612,2/12/22 18:30,24.738,0,,,,,
4613,2/12/22 18:40,24.738,0,,,,,
4614,2/12/22 18:50,24.738,0,,,,,
4615,2/12/22 19:00,24.738,0,,,,,
4616,2/12/22 19:10,24.641,0,,,,,
4617,2/12/22 19:20,24.448,0,,,,,
4618,2/12/22 19:30,24.545,0,,,,,
4619,2/12/22 19:40,24.545,0,,,,,
4620,2/12/22 19:50,24.448,0,,,,,
4621,2/12/22 20:00,24.448,0,,,,,
4622,2/12/22 20:10,24.448,0,,,,,
4623,2/12/22 20:20,24.448,0,,,,,
4624,2/12/22 20:30,24.351,0,,,,,
4625,2/12/22 20:40,24.255,0,,,,,
4626,2/12/22 20:50,24.158,0,,,,,
4627,2/12/22 21:00,24.158,0,,,,,
4628,2/12/22 21:10,24.062,0,,,,,
4629,2/12/22 21:20,23.966,0,,,,,
4630,2/12/22 21:30,23.966,0,,,,,
4631,2/12/22 21:40,23.869,0,,,,,
4632,2/12/22 21:50,23.773,0,,,,,
4633,2/12/22 22:00,23.773,0,,,,,
4634,2/12/22 22:10,23.677,0,,,,,
4635,2/12/22 22:20,23.677,0,,,,,
4636,2/12/22 22:30,23.677,0,,,,,
4637,2/12/22 22:40,23.581,0,,,,,
4638,2/12/22 22:50,23.388,0,,,,,
4639,2/12/22 23:00,23.484,0,,,,,
4640,2/12/22 23:10,23.388,0,,,,,
4641,2/12/22 23:20,23.388,0,,,,,
4642,2/12/22 23:30,23.388,0,,,,,
4643,2/12/22 23:40,23.388,0,,,,,
4644,2/12/22 23:50,23.388,0,,,,,
4645,2/13/22 0:00,23.196,0,,,,,
4646,2/13/22 0:10,23.196,0,,,,,
4647,2/13/22 0:20,23.292,0,,,,,
4648,2/13/22 0:30,23.196,0,,,,,
4649,2/13/22 0:40,23.292,0,,,,,
4650,2/13/22 0:50,23.196,0,,,,,
4651,2/13/22 1:00,23.196,0,,,,,
4652,2/13/22 1:10,23.196,0,,,,,
4653,2/13/22 1:20,23.196,0,,,,,
4654,2/13/22 1:30,23.196,0,,,,,
4655,2/13/22 1:40,23.196,0,,,,,
4656,2/13/22 1:50,23.196,0,,,,,
4657,2/13/22 2:00,23.292,0,,,,,
4658,2/13/22 2:10,23.292,0,,,,,
4659,2/13/22 2:20,23.388,0,,,,,
4660,2/13/22 2:30,23.388,0,,,,,
4661,2/13/22 2:40,23.388,0,,,,,
4662,2/13/22 2:50,23.484,0,,,,,
4663,2/13/22 3:00,23.484,0,,,,,
4664,2/13/22 3:10,23.581,0,,,,,
4665,2/13/22 3:20,23.581,0,,,,,
4666,2/13/22 3:30,23.581,0,,,,,
4667,2/13/22 3:40,23.581,0,,,,,
4668,2/13/22 3:50,23.581,0,,,,,
4669,2/13/22 4:00,23.581,0,,,,,
4670,2/13/22 4:10,23.581,0,,,,,
4671,2/13/22 4:20,23.581,0,,,,,
4672,2/13/22 4:30,23.581,0,,,,,
4673,2/13/22 4:40,23.484,0,,,,,
4674,2/13/22 4:50,23.484,0,,,,,
4675,2/13/22 5:00,23.484,0,,,,,
4676,2/13/22 5:10,23.484,0,,,,,
4677,2/13/22 5:20,23.484,0,,,,,
4678,2/13/22 5:30,23.388,0,,,,,
4679,2/13/22 5:40,23.388,0,,,,,
4680,2/13/22 5:50,23.292,0,,,,,
4681,2/13/22 6:00,23.388,0,,,,,
4682,2/13/22 6:10,23.292,0,,,,,
4683,2/13/22 6:20,23.292,53.8,,,,,
4684,2/13/22 6:30,23.292,193.8,,,,,
4685,2/13/22 6:40,23.292,409,,,,,
4686,2/13/22 6:50,23.292,581.3,,,,,
4687,2/13/22 7:00,23.292,861.1,,,,,
4688,2/13/22 7:10,23.388,1636.1,,,,,
4689,2/13/22 7:20,23.484,9644.5,,,,,
4690,2/13/22 7:30,23.581,5166.7,,,,,
4691,2/13/22 7:40,23.773,13089,,,,,
4692,2/13/22 7:50,23.773,11711.2,,,,,
4693,2/13/22 8:00,23.773,11022.3,,,,,
4694,2/13/22 8:10,23.869,6544.5,,,,,
4695,2/13/22 8:20,23.869,12400.1,,,,,
4696,2/13/22 8:30,23.869,8266.7,,,,,
4697,2/13/22 8:40,23.869,8266.7,,,,,
4698,2/13/22 8:50,23.773,10333.4,,,,,
4699,2/13/22 9:00,23.677,2497.2,,,,,
4700,2/13/22 9:10,23.677,2755.6,,,,,
4701,2/13/22 9:20,23.869,495.1,,,,,
4702,2/13/22 9:30,23.966,807.3,,,,,
4703,2/13/22 9:40,23.677,893.4,,,,,
4704,2/13/22 9:50,23.484,893.4,,,,,
4705,2/13/22 10:00,23.388,1205.6,,,,,
4706,2/13/22 10:10,23.773,968.8,,,,,
4707,2/13/22 10:20,23.869,925.7,,,,,
4708,2/13/22 10:30,23.773,1076.4,,,,,
4709,2/13/22 10:40,23.869,936.5,,,,,
4710,2/13/22 10:50,23.388,1463.9,,,,,
4711,2/13/22 11:00,23.292,1550,,,,,
4712,2/13/22 11:10,23.292,1184,,,,,
4713,2/13/22 11:20,23.388,1722.2,,,,,
4714,2/13/22 11:30,23.292,1894.5,,,,,
4715,2/13/22 11:40,23.388,3272.2,,,,,
4716,2/13/22 11:50,23.581,6200,,,,,
4717,2/13/22 12:00,23.581,9300.1,,,,,
4718,2/13/22 12:10,23.484,9644.5,,,,,
4719,2/13/22 12:20,23.292,5166.7,,,,,
4720,2/13/22 12:30,23.004,4133.4,,,,,
4721,2/13/22 12:40,23.004,4994.5,,,,,
4722,2/13/22 12:50,23.004,3788.9,,,,,
4723,2/13/22 13:00,23.196,4305.6,,,,,
4724,2/13/22 13:10,23.388,3961.1,,,,,
4725,2/13/22 13:20,23.581,4822.3,,,,,
4726,2/13/22 13:30,23.388,3444.5,,,,,
4727,2/13/22 13:40,23.388,2755.6,,,,,
4728,2/13/22 13:50,23.388,2669.5,,,,,
4729,2/13/22 14:00,23.292,2669.5,,,,,
4730,2/13/22 14:10,23.1,2238.9,,,,,
4731,2/13/22 14:20,22.812,2152.8,,,,,
4732,2/13/22 14:30,22.525,2497.2,,,,,
4733,2/13/22 14:40,22.812,1980.6,,,,,
4734,2/13/22 14:50,22.621,1894.5,,,,,
4735,2/13/22 15:00,23.004,1980.6,,,,,
4736,2/13/22 15:10,23.196,1722.2,,,,,
4737,2/13/22 15:20,23.196,1808.3,,,,,
4738,2/13/22 15:30,23.292,2238.9,,,,,
4739,2/13/22 15:40,23.388,2152.8,,,,,
4740,2/13/22 15:50,23.388,1722.2,,,,,
4741,2/13/22 16:00,23.388,1636.1,,,,,
4742,2/13/22 16:10,23.388,1463.9,,,,,
4743,2/13/22 16:20,23.484,1184,,,,,
4744,2/13/22 16:30,23.581,1011.8,,,,,
4745,2/13/22 16:40,23.581,818.1,,,,,
4746,2/13/22 16:50,23.677,785.8,,,,,
4747,2/13/22 17:00,23.581,667.4,,,,,
4748,2/13/22 17:10,23.484,581.3,,,,,
4749,2/13/22 17:20,23.581,430.6,,,,,
4750,2/13/22 17:30,23.581,387.5,,,,,
4751,2/13/22 17:40,23.581,312.2,,,,,
4752,2/13/22 17:50,23.677,204.5,,,,,
4753,2/13/22 18:00,23.581,118.4,,,,,
4754,2/13/22 18:10,23.581,64.6,,,,,
4755,2/13/22 18:20,23.677,10.8,,,,,
4756,2/13/22 18:30,23.581,0,,,,,
4757,2/13/22 18:40,23.581,0,,,,,
4758,2/13/22 18:50,23.581,0,,,,,
4759,2/13/22 19:00,23.581,0,,,,,
4760,2/13/22 19:10,23.581,0,,,,,
4761,2/13/22 19:20,23.581,0,,,,,
4762,2/13/22 19:30,23.581,0,,,,,
4763,2/13/22 19:40,23.581,0,,,,,
4764,2/13/22 19:50,23.677,0,,,,,
4765,2/13/22 20:00,23.677,0,,,,,
4766,2/13/22 20:10,23.677,0,,,,,
4767,2/13/22 20:20,23.677,0,,,,,
4768,2/13/22 20:30,23.677,0,,,,,
4769,2/13/22 20:40,23.677,0,,,,,
4770,2/13/22 20:50,23.773,0,,,,,
4771,2/13/22 21:00,23.773,0,,,,,
4772,2/13/22 21:10,23.773,0,,,,,
4773,2/13/22 21:20,23.773,0,,,,,
4774,2/13/22 21:30,23.773,0,,,,,
4775,2/13/22 21:40,23.773,0,,,,,
4776,2/13/22 21:50,23.773,0,,,,,
4777,2/13/22 22:00,23.773,0,,,,,
4778,2/13/22 22:10,23.869,0,,,,,
4779,2/13/22 22:20,23.869,0,,,,,
4780,2/13/22 22:30,23.773,0,,,,,
4781,2/13/22 22:40,23.773,0,,,,,
4782,2/13/22 22:50,23.773,0,,,,,
4783,2/13/22 23:00,23.773,0,,,,,
4784,2/13/22 23:10,23.677,0,,,,,
4785,2/13/22 23:20,23.677,0,,,,,
4786,2/13/22 23:30,23.581,0,,,,,
4787,2/13/22 23:40,23.581,0,,,,,
4788,2/13/22 23:50,23.677,0,,,,,
4789,2/14/22 0:00,23.581,0,,,,,
4790,2/14/22 0:10,23.677,0,,,,,
4791,2/14/22 0:20,23.677,0,,,,,
4792,2/14/22 0:30,23.677,0,,,,,
4793,2/14/22 0:40,23.677,0,,,,,
4794,2/14/22 0:50,23.773,0,,,,,
4795,2/14/22 1:00,23.677,0,,,,,
4796,2/14/22 1:10,23.677,0,,,,,
4797,2/14/22 1:20,23.677,0,,,,,
4798,2/14/22 1:30,23.677,0,,,,,
4799,2/14/22 1:40,23.677,0,,,,,
4800,2/14/22 1:50,23.677,0,,,,,
4801,2/14/22 2:00,23.677,0,,,,,
4802,2/14/22 2:10,23.677,0,,,,,
4803,2/14/22 2:20,23.581,0,,,,,
4804,2/14/22 2:30,23.677,0,,,,,
4805,2/14/22 2:40,23.581,0,,,,,
4806,2/14/22 2:50,23.581,0,,,,,
4807,2/14/22 3:00,23.581,0,,,,,
4808,2/14/22 3:10,23.581,0,,,,,
4809,2/14/22 3:20,23.484,0,,,,,
4810,2/14/22 3:30,23.484,0,,,,,
4811,2/14/22 3:40,23.581,0,,,,,
4812,2/14/22 3:50,23.581,0,,,,,
4813,2/14/22 4:00,23.484,0,,,,,
4814,2/14/22 4:10,23.484,0,,,,,
4815,2/14/22 4:20,23.484,0,,,,,
4816,2/14/22 4:30,23.484,0,,,,,
4817,2/14/22 4:40,23.581,0,,,,,
4818,2/14/22 4:50,23.581,0,,,,,
4819,2/14/22 5:00,23.581,0,,,,,
4820,2/14/22 5:10,23.677,0,,,,,
4821,2/14/22 5:20,23.677,0,,,,,
4822,2/14/22 5:30,23.677,0,,,,,
4823,2/14/22 5:40,23.581,0,,,,,
4824,2/14/22 5:50,23.581,0,,,,,
4825,2/14/22 6:00,23.677,0,,,,,
4826,2/14/22 6:10,23.581,32.3,,,,,
4827,2/14/22 6:20,23.581,215.3,,,,,
4828,2/14/22 6:30,23.677,527.4,,,,,
4829,2/14/22 6:40,23.677,904.2,,,,,
4830,2/14/22 6:50,23.677,1808.3,,,,,
4831,2/14/22 7:00,23.677,1345.5,,,,,
4832,2/14/22 7:10,23.677,1270.1,,,,,
4833,2/14/22 7:20,23.773,7233.4,,,,,
4834,2/14/22 7:30,23.773,4305.6,,,,,
4835,2/14/22 7:40,23.773,3444.5,,,,,
4836,2/14/22 7:50,23.869,5511.1,,,,,
4837,2/14/22 8:00,23.869,4650,,,,,
4838,2/14/22 8:10,23.869,5511.1,,,,,
4839,2/14/22 8:20,23.966,7577.8,,,,,
4840,2/14/22 8:30,23.869,6544.5,,,,,
4841,2/14/22 8:40,23.966,5511.1,,,,,
4842,2/14/22 8:50,23.966,9644.5,,,,,
4843,2/14/22 9:00,24.062,10677.8,,,,,
4844,2/14/22 9:10,24.062,10333.4,,,,,
4845,2/14/22 9:20,24.158,14466.8,,,,,
4846,2/14/22 9:30,24.448,23422.4,,,,,
4847,2/14/22 9:40,24.448,39955.8,,,,,
4848,2/14/22 9:50,24.448,21355.7,,,,,
4849,2/14/22 10:00,24.641,18600.1,,,,,
4850,2/14/22 10:10,24.545,18600.1,,,,,
4851,2/14/22 10:20,24.448,22044.6,,,,,
4852,2/14/22 10:30,24.835,17222.3,,,,,
4853,2/14/22 10:40,24.641,9300.1,,,,,
4854,2/14/22 10:50,24.738,11711.2,,,,,
4855,2/14/22 11:00,24.641,7577.8,,,,,
4856,2/14/22 11:10,24.738,8611.2,,,,,
4857,2/14/22 11:20,24.738,10333.4,,,,,
4858,2/14/22 11:30,24.738,8266.7,,,,,
4859,2/14/22 11:40,24.545,8611.2,,,,,
4860,2/14/22 11:50,24.545,5511.1,,,,,
4861,2/14/22 12:00,24.158,14466.8,,,,,
4862,2/14/22 12:10,23.773,8611.2,,,,,
4863,2/14/22 12:20,23.869,3616.7,,,,,
4864,2/14/22 12:30,24.062,6200,,,,,
4865,2/14/22 12:40,24.062,4994.5,,,,,
4866,2/14/22 12:50,24.062,4477.8,,,,,
4867,2/14/22 13:00,24.062,4477.8,,,,,
4868,2/14/22 13:10,24.062,3444.5,,,,,
4869,2/14/22 13:20,24.255,2411.1,,,,,
4870,2/14/22 13:30,23.966,2755.6,,,,,
4871,2/14/22 13:40,23.773,3272.2,,,,,
4872,2/14/22 13:50,23.677,2927.8,,,,,
4873,2/14/22 14:00,23.773,2583.4,,,,,
4874,2/14/22 14:10,23.966,2497.2,,,,,
4875,2/14/22 14:20,24.158,2238.9,,,,,
4876,2/14/22 14:30,24.062,2325,,,,,
4877,2/14/22 14:40,23.869,2325,,,,,
4878,2/14/22 14:50,24.158,2152.8,,,,,
4879,2/14/22 15:00,23.869,2238.9,,,,,
4880,2/14/22 15:10,24.158,2583.4,,,,,
4881,2/14/22 15:20,23.869,2927.8,,,,,
4882,2/14/22 15:30,23.677,2927.8,,,,,
4883,2/14/22 15:40,23.677,2669.5,,,,,
4884,2/14/22 15:50,23.677,2497.2,,,,,
4885,2/14/22 16:00,23.581,2497.2,,,,,
4886,2/14/22 16:10,23.292,1808.3,,,,,
4887,2/14/22 16:20,23.388,1808.3,,,,,
4888,2/14/22 16:30,23.484,1722.2,,,,,
4889,2/14/22 16:40,23.484,1550,,,,,
4890,2/14/22 16:50,23.388,1270.1,,,,,
4891,2/14/22 17:00,23.581,1108.7,,,,,
4892,2/14/22 17:10,23.484,914.9,,,,,
4893,2/14/22 17:20,23.484,753.5,,,,,
4894,2/14/22 17:30,23.388,699.7,,,,,
4895,2/14/22 17:40,23.388,484.4,,,,,
4896,2/14/22 17:50,23.484,344.4,,,,,
4897,2/14/22 18:00,23.388,193.8,,,,,
4898,2/14/22 18:10,23.292,43.1,,,,,
4899,2/14/22 18:20,23.388,10.8,,,,,
4900,2/14/22 18:30,23.292,0,,,,,
4901,2/14/22 18:40,23.292,0,,,,,
4902,2/14/22 18:50,23.388,0,,,,,
4903,2/14/22 19:00,23.388,0,,,,,
4904,2/14/22 19:10,23.388,0,,,,,
4905,2/14/22 19:20,23.388,0,,,,,
4906,2/14/22 19:30,23.484,0,,,,,
4907,2/14/22 19:40,23.484,0,,,,,
4908,2/14/22 19:50,23.484,0,,,,,
4909,2/14/22 20:00,23.484,0,,,,,
4910,2/14/22 20:10,23.388,0,,,,,
4911,2/14/22 20:20,23.484,0,,,,,
4912,2/14/22 20:30,23.388,0,,,,,
4913,2/14/22 20:40,23.292,0,,,,,
4914,2/14/22 20:50,23.1,0,,,,,
4915,2/14/22 21:00,23.004,0,,,,,
4916,2/14/22 21:10,22.812,0,,,,,
4917,2/14/22 21:20,22.812,0,,,,,
4918,2/14/22 21:30,22.621,0,,,,,
4919,2/14/22 21:40,22.429,0,,,,,
4920,2/14/22 21:50,22.429,0,,,,,
4921,2/14/22 22:00,22.429,0,,,,,
4922,2/14/22 22:10,22.429,0,,,,,
4923,2/14/22 22:20,22.333,0,,,,,
4924,2/14/22 22:30,22.238,0,,,,,
4925,2/14/22 22:40,22.142,0,,,,,
4926,2/14/22 22:50,22.142,0,,,,,
4927,2/14/22 23:00,22.142,0,,,,,
4928,2/14/22 23:10,22.046,0,,,,,
4929,2/14/22 23:20,22.046,0,,,,,
4930,2/14/22 23:30,21.855,0,,,,,
4931,2/14/22 23:40,21.664,0,,,,,
4932,2/14/22 23:50,21.664,0,,,,,
4933,2/15/22 0:00,21.664,0,,,,,
4934,2/15/22 0:10,21.664,0,,,,,
4935,2/15/22 0:20,21.569,0,,,,,
4936,2/15/22 0:30,21.473,0,,,,,
4937,2/15/22 0:40,21.378,0,,,,,
4938,2/15/22 0:50,21.473,0,,,,,
4939,2/15/22 1:00,21.473,0,,,,,
4940,2/15/22 1:10,21.473,0,,,,,
4941,2/15/22 1:20,21.378,0,,,,,
4942,2/15/22 1:30,21.282,0,,,,,
4943,2/15/22 1:40,21.282,0,,,,,
4944,2/15/22 1:50,21.187,0,,,,,
4945,2/15/22 2:00,21.187,0,,,,,
4946,2/15/22 2:10,21.282,0,,,,,
4947,2/15/22 2:20,21.282,0,,,,,
4948,2/15/22 2:30,21.282,0,,,,,
4949,2/15/22 2:40,21.378,0,,,,,
4950,2/15/22 2:50,21.282,0,,,,,
4951,2/15/22 3:00,21.187,0,,,,,
4952,2/15/22 3:10,21.187,0,,,,,
4953,2/15/22 3:20,21.187,0,,,,,
4954,2/15/22 3:30,21.187,0,,,,,
4955,2/15/22 3:40,21.187,0,,,,,
4956,2/15/22 3:50,21.187,0,,,,,
4957,2/15/22 4:00,21.187,0,,,,,
4958,2/15/22 4:10,21.187,0,,,,,
4959,2/15/22 4:20,21.187,0,,,,,
4960,2/15/22 4:30,21.282,0,,,,,
4961,2/15/22 4:40,21.378,0,,,,,
4962,2/15/22 4:50,21.378,0,,,,,
4963,2/15/22 5:00,21.378,0,,,,,
4964,2/15/22 5:10,21.378,0,,,,,
4965,2/15/22 5:20,21.378,0,,,,,
4966,2/15/22 5:30,21.378,0,,,,,
4967,2/15/22 5:40,21.378,0,,,,,
4968,2/15/22 5:50,21.378,0,,,,,
4969,2/15/22 6:00,21.473,0,,,,,
4970,2/15/22 6:10,21.473,0,,,,,
4971,2/15/22 6:20,21.473,43.1,,,,,
4972,2/15/22 6:30,21.473,269.1,,,,,
4973,2/15/22 6:40,21.569,312.2,,,,,
4974,2/15/22 6:50,21.569,1141,,,,,
4975,2/15/22 7:00,21.569,1377.8,,,,,
4976,2/15/22 7:10,21.569,2066.7,,,,,
4977,2/15/22 7:20,21.569,2669.5,,,,,
4978,2/15/22 7:30,21.664,3444.5,,,,,
4979,2/15/22 7:40,21.664,1377.8,,,,,
4980,2/15/22 7:50,21.76,10333.4,,,,,
4981,2/15/22 8:00,22.046,14466.8,,,,,
4982,2/15/22 8:10,21.951,9300.1,,,,,
4983,2/15/22 8:20,22.142,14466.8,,,,,
4984,2/15/22 8:30,22.142,14466.8,,,,,
4985,2/15/22 8:40,22.238,14466.8,,,,,
4986,2/15/22 8:50,22.429,15155.7,,,,,
4987,2/15/22 9:00,22.429,34444.7,,,,,
4988,2/15/22 9:10,22.429,20666.8,,,,,
4989,2/15/22 9:20,22.238,18600.1,,,,,
4990,2/15/22 9:30,22.525,18600.1,,,,,
4991,2/15/22 9:40,22.238,13089,,,,,
4992,2/15/22 9:50,22.525,20666.8,,,,,
4993,2/15/22 10:00,22.429,21355.7,,,,,
4994,2/15/22 10:10,22.525,22044.6,,,,,
4995,2/15/22 10:20,22.238,18600.1,,,,,
4996,2/15/22 10:30,22.238,19289,,,,,
4997,2/15/22 10:40,22.429,17222.3,,,,,
4998,2/15/22 10:50,22.238,13777.9,,,,,
4999,2/15/22 11:00,22.142,14466.8,,,,,
5000,2/15/22 11:10,22.333,13777.9,,,,,
5001,2/15/22 11:20,22.429,14466.8,,,,,
5002,2/15/22 11:30,22.525,15155.7,,,,,
5003,2/15/22 11:40,22.717,16533.4,,,,,
5004,2/15/22 11:50,22.717,8266.7,,,,,
5005,2/15/22 12:00,22.717,7233.4,,,,,
5006,2/15/22 12:10,22.717,7233.4,,,,,
5007,2/15/22 12:20,22.717,11711.2,,,,,
5008,2/15/22 12:30,22.717,5338.9,,,,,
5009,2/15/22 12:40,22.621,3272.2,,,,,
5010,2/15/22 12:50,22.621,3961.1,,,,,
5011,2/15/22 13:00,22.333,3788.9,,,,,
5012,2/15/22 13:10,22.238,2927.8,,,,,
5013,2/15/22 13:20,22.142,2755.6,,,,,
5014,2/15/22 13:30,22.238,2497.2,,,,,
5015,2/15/22 13:40,22.142,2669.5,,,,,
5016,2/15/22 13:50,22.142,1980.6,,,,,
5017,2/15/22 14:00,22.238,1808.3,,,,,
5018,2/15/22 14:10,21.855,1980.6,,,,,
5019,2/15/22 14:20,21.664,1463.9,,,,,
5020,2/15/22 14:30,21.664,1463.9,,,,,
5021,2/15/22 14:40,21.76,1377.8,,,,,
5022,2/15/22 14:50,21.855,1377.8,,,,,
5023,2/15/22 15:00,21.76,1463.9,,,,,
5024,2/15/22 15:10,21.855,1184,,,,,
5025,2/15/22 15:20,21.855,1184,,,,,
5026,2/15/22 15:30,21.951,1076.4,,,,,
5027,2/15/22 15:40,22.046,1044.1,,,,,
5028,2/15/22 15:50,22.142,947.2,,,,,
5029,2/15/22 16:00,22.046,850.4,,,,,
5030,2/15/22 16:10,22.046,807.3,,,,,
5031,2/15/22 16:20,22.142,775,,,,,
5032,2/15/22 16:30,21.951,710.4,,,,,
5033,2/15/22 16:40,22.046,656.6,,,,,
5034,2/15/22 16:50,22.046,635.1,,,,,
5035,2/15/22 17:00,22.142,549,,,,,
5036,2/15/22 17:10,22.238,527.4,,,,,
5037,2/15/22 17:20,22.238,452.1,,,,,
5038,2/15/22 17:30,22.046,387.5,,,,,
5039,2/15/22 17:40,22.046,344.4,,,,,
5040,2/15/22 17:50,22.046,258.3,,,,,
5041,2/15/22 18:00,22.046,172.2,,,,,
5042,2/15/22 18:10,21.951,96.9,,,,,
5043,2/15/22 18:20,22.046,21.5,,,,,
5044,2/15/22 18:30,22.046,0,,,,,
5045,2/15/22 18:40,22.046,0,,,,,
5046,2/15/22 18:50,22.046,0,,,,,
5047,2/15/22 19:00,22.046,0,,,,,
5048,2/15/22 19:10,22.046,0,,,,,
5049,2/15/22 19:20,22.046,0,,,,,
5050,2/15/22 19:30,22.142,0,,,,,
5051,2/15/22 19:40,22.142,0,,,,,
5052,2/15/22 19:50,22.142,0,,,,,
5053,2/15/22 20:00,22.142,0,,,,,
5054,2/15/22 20:10,22.238,0,,,,,
5055,2/15/22 20:20,22.238,0,,,,,
5056,2/15/22 20:30,22.142,0,,,,,
5057,2/15/22 20:40,22.238,0,,,,,
5058,2/15/22 20:50,22.238,0,,,,,
5059,2/15/22 21:00,22.238,0,,,,,
5060,2/15/22 21:10,22.238,0,,,,,
5061,2/15/22 21:20,22.238,0,,,,,
5062,2/15/22 21:30,22.238,0,,,,,
5063,2/15/22 21:40,22.429,0,,,,,
5064,2/15/22 21:50,22.429,0,,,,,
5065,2/15/22 22:00,22.429,0,,,,,
5066,2/15/22 22:10,22.429,0,,,,,
5067,2/15/22 22:20,22.525,0,,,,,
5068,2/15/22 22:30,22.525,0,,,,,
5069,2/15/22 22:40,22.525,0,,,,,
5070,2/15/22 22:50,22.525,0,,,,,
5071,2/15/22 23:00,22.621,0,,,,,
5072,2/15/22 23:10,22.525,0,,,,,
5073,2/15/22 23:20,22.429,0,,,,,
5074,2/15/22 23:30,22.333,0,,,,,
5075,2/15/22 23:40,22.142,0,,,,,
5076,2/15/22 23:50,22.142,0,,,,,
5077,2/16/22 0:00,22.046,0,,,,,
5078,2/16/22 0:10,21.951,0,,,,,
5079,2/16/22 0:20,21.664,0,,,,,
5080,2/16/22 0:30,21.76,0,,,,,
5081,2/16/22 0:40,21.664,0,,,,,
5082,2/16/22 0:50,21.664,0,,,,,
5083,2/16/22 1:00,21.664,0,,,,,
5084,2/16/22 1:10,21.664,0,,,,,
5085,2/16/22 1:20,21.664,0,,,,,
5086,2/16/22 1:30,21.664,0,,,,,
5087,2/16/22 1:40,21.664,0,,,,,
5088,2/16/22 1:50,21.76,0,,,,,
5089,2/16/22 2:00,21.664,0,,,,,
5090,2/16/22 2:10,21.664,0,,,,,
5091,2/16/22 2:20,21.76,0,,,,,
5092,2/16/22 2:30,21.76,0,,,,,
5093,2/16/22 2:40,21.855,0,,,,,
5094,2/16/22 2:50,21.951,0,,,,,
5095,2/16/22 3:00,22.046,0,,,,,
5096,2/16/22 3:10,22.142,0,,,,,
5097,2/16/22 3:20,22.142,0,,,,,
5098,2/16/22 3:30,22.142,0,,,,,
5099,2/16/22 3:40,22.238,0,,,,,
5100,2/16/22 3:50,22.429,0,,,,,
5101,2/16/22 4:00,22.429,0,,,,,
5102,2/16/22 4:10,22.429,0,,,,,
5103,2/16/22 4:20,22.525,0,,,,,
5104,2/16/22 4:30,22.525,0,,,,,
5105,2/16/22 4:40,22.525,0,,,,,
5106,2/16/22 4:50,22.525,0,,,,,
5107,2/16/22 5:00,22.429,0,,,,,
5108,2/16/22 5:10,22.429,0,,,,,
5109,2/16/22 5:20,22.429,0,,,,,
5110,2/16/22 5:30,22.429,0,,,,,
5111,2/16/22 5:40,22.429,0,,,,,
5112,2/16/22 5:50,22.333,0,,,,,
5113,2/16/22 6:00,22.333,0,,,,,
5114,2/16/22 6:10,22.429,0,,,,,
5115,2/16/22 6:20,22.429,32.3,,,,,
5116,2/16/22 6:30,22.429,86.1,,,,,
5117,2/16/22 6:40,22.429,161.5,,,,,
5118,2/16/22 6:50,22.429,333.7,,,,,
5119,2/16/22 7:00,22.429,215.3,,,,,
5120,2/16/22 7:10,22.429,290.6,,,,,
5121,2/16/22 7:20,22.429,226,,,,,
5122,2/16/22 7:30,22.429,990.3,,,,,
5123,2/16/22 7:40,22.429,1463.9,,,,,
5124,2/16/22 7:50,22.429,2325,,,,,
5125,2/16/22 8:00,22.429,2152.8,,,,,
5126,2/16/22 8:10,22.525,2325,,,,,
5127,2/16/22 8:20,22.525,2066.7,,,,,
5128,2/16/22 8:30,22.525,2325,,,,,
5129,2/16/22 8:40,22.525,1894.5,,,,,
5130,2/16/22 8:50,22.525,1894.5,,,,,
5131,2/16/22 9:00,22.621,2238.9,,,,,
5132,2/16/22 9:10,22.621,2411.1,,,,,
5133,2/16/22 9:20,22.621,1722.2,,,,,
5134,2/16/22 9:30,22.717,1722.2,,,,,
5135,2/16/22 9:40,22.717,2583.4,,,,,
5136,2/16/22 9:50,22.812,2755.6,,,,,
5137,2/16/22 10:00,22.812,2755.6,,,,,
5138,2/16/22 10:10,22.908,3272.2,,,,,
5139,2/16/22 10:20,23.004,3616.7,,,,,
5140,2/16/22 10:30,23.004,3616.7,,,,,
5141,2/16/22 10:40,23.004,3272.2,,,,,
5142,2/16/22 10:50,23.1,4305.6,,,,,
5143,2/16/22 11:00,23.1,4305.6,,,,,
5144,2/16/22 11:10,23.196,4477.8,,,,,
5145,2/16/22 11:20,23.292,3616.7,,,,,
5146,2/16/22 11:30,23.484,3961.1,,,,,
5147,2/16/22 11:40,23.966,5511.1,,,,,
5148,2/16/22 11:50,23.869,7233.4,,,,,
5149,2/16/22 12:00,24.255,4994.5,,,,,
5150,2/16/22 12:10,24.255,5511.1,,,,,
5151,2/16/22 12:20,24.448,9300.1,,,,,
5152,2/16/22 12:30,24.835,10333.4,,,,,
5153,2/16/22 12:40,24.835,7577.8,,,,,
5154,2/16/22 12:50,24.835,6200,,,,,
5155,2/16/22 13:00,24.931,4305.6,,,,,
5156,2/16/22 13:10,25.028,4650,,,,,
5157,2/16/22 13:20,25.125,4133.4,,,,,
5158,2/16/22 13:30,25.125,2583.4,,,,,
5159,2/16/22 13:40,25.125,3444.5,,,,,
5160,2/16/22 13:50,25.028,3100,,,,,
5161,2/16/22 14:00,25.028,3272.2,,,,,
5162,2/16/22 14:10,24.931,2583.4,,,,,
5163,2/16/22 14:20,24.931,2755.6,,,,,
5164,2/16/22 14:30,24.931,2583.4,,,,,
5165,2/16/22 14:40,24.931,3100,,,,,
5166,2/16/22 14:50,24.931,3100,,,,,
5167,2/16/22 15:00,24.931,2238.9,,,,,
5168,2/16/22 15:10,24.931,2238.9,,,,,
5169,2/16/22 15:20,24.931,2238.9,,,,,
5170,2/16/22 15:30,25.028,1808.3,,,,,
5171,2/16/22 15:40,25.028,1808.3,,,,,
5172,2/16/22 15:50,25.125,1463.9,,,,,
5173,2/16/22 16:00,25.125,1636.1,,,,,
5174,2/16/22 16:10,25.222,1722.2,,,,,
5175,2/16/22 16:20,25.222,1377.8,,,,,
5176,2/16/22 16:30,25.222,1076.4,,,,,
5177,2/16/22 16:40,25.222,796.5,,,,,
5178,2/16/22 16:50,25.319,1054.9,,,,,
5179,2/16/22 17:00,25.222,1119.5,,,,,
5180,2/16/22 17:10,25.222,1130.2,,,,,
5181,2/16/22 17:20,25.222,1033.3,,,,,
5182,2/16/22 17:30,25.222,914.9,,,,,
5183,2/16/22 17:40,25.222,731.9,,,,,
5184,2/16/22 17:50,25.222,398.3,,,,,
5185,2/16/22 18:00,25.222,322.9,,,,,
5186,2/16/22 18:10,25.222,161.5,,,,,
5187,2/16/22 18:20,25.222,53.8,,,,,
5188,2/16/22 18:30,25.222,0,,,,,
5189,2/16/22 18:40,25.222,0,,,,,
5190,2/16/22 18:50,25.222,0,,,,,
5191,2/16/22 19:00,25.222,0,,,,,
5192,2/16/22 19:10,25.222,0,,,,,
5193,2/16/22 19:20,25.222,0,,,,,
5194,2/16/22 19:30,25.222,0,,,,,
5195,2/16/22 19:40,25.222,0,,,,,
5196,2/16/22 19:50,25.222,0,,,,,
5197,2/16/22 20:00,25.222,0,,,,,
5198,2/16/22 20:10,25.222,0,,,,,
5199,2/16/22 20:20,25.222,0,,,,,
5200,2/16/22 20:30,25.222,0,,,,,
5201,2/16/22 20:40,25.222,0,,,,,
5202,2/16/22 20:50,25.222,0,,,,,
5203,2/16/22 21:00,25.222,0,,,,,
5204,2/16/22 21:10,25.222,0,,,,,
5205,2/16/22 21:20,25.222,0,,,,,
5206,2/16/22 21:30,25.222,0,,,,,
5207,2/16/22 21:40,25.222,0,,,,,
5208,2/16/22 21:50,25.222,0,,,,,
5209,2/16/22 22:00,25.125,0,,,,,
5210,2/16/22 22:10,25.125,0,,,,,
5211,2/16/22 22:20,25.125,0,,,,,
5212,2/16/22 22:30,25.222,0,,,,,
5213,2/16/22 22:40,25.222,0,,,,,
5214,2/16/22 22:50,25.222,0,,,,,
5215,2/16/22 23:00,25.222,0,,,,,
5216,2/16/22 23:10,25.222,0,,,,,
5217,2/16/22 23:20,25.222,0,,,,,
5218,2/16/22 23:30,25.222,0,,,,,
5219,2/16/22 23:40,25.222,0,,,,,
5220,2/16/22 23:50,25.222,0,,,,,
5221,2/17/22 0:00,25.222,0,,,,,
5222,2/17/22 0:10,25.222,0,,,,,
5223,2/17/22 0:20,25.222,0,,,,,
5224,2/17/22 0:30,25.222,0,,,,,
5225,2/17/22 0:40,25.222,0,,,,,
5226,2/17/22 0:50,25.222,0,,,,,
5227,2/17/22 1:00,25.222,0,,,,,
5228,2/17/22 1:10,25.222,0,,,,,
5229,2/17/22 1:20,25.222,0,,,,,
5230,2/17/22 1:30,25.222,0,,,,,
5231,2/17/22 1:40,25.222,0,,,,,
5232,2/17/22 1:50,25.222,0,,,,,
5233,2/17/22 2:00,25.222,0,,,,,
5234,2/17/22 2:10,25.222,0,,,,,
5235,2/17/22 2:20,25.222,0,,,,,
5236,2/17/22 2:30,25.319,0,,,,,
5237,2/17/22 2:40,25.222,0,,,,,
5238,2/17/22 2:50,25.222,0,,,,,
5239,2/17/22 3:00,25.222,0,,,,,
5240,2/17/22 3:10,25.222,0,,,,,
5241,2/17/22 3:20,25.222,0,,,,,
5242,2/17/22 3:30,25.222,0,,,,,
5243,2/17/22 3:40,25.222,0,,,,,
5244,2/17/22 3:50,25.222,0,,,,,
5245,2/17/22 4:00,25.222,0,,,,,
5246,2/17/22 4:10,25.222,0,,,,,
5247,2/17/22 4:20,25.222,0,,,,,
5248,2/17/22 4:30,25.222,0,,,,,
5249,2/17/22 4:40,25.222,0,,,,,
5250,2/17/22 4:50,25.222,0,,,,,
5251,2/17/22 5:00,25.222,0,,,,,
5252,2/17/22 5:10,25.222,0,,,,,
5253,2/17/22 5:20,25.222,0,,,,,
5254,2/17/22 5:30,25.222,0,,,,,
5255,2/17/22 5:40,25.222,0,,,,,
5256,2/17/22 5:50,25.222,0,,,,,
5257,2/17/22 6:00,25.222,0,,,,,
5258,2/17/22 6:10,25.222,0,,,,,
5259,2/17/22 6:20,25.222,43.1,,,,,
5260,2/17/22 6:30,25.222,150.7,,,,,
5261,2/17/22 6:40,25.222,462.9,,,,,
5262,2/17/22 6:50,25.222,688.9,,,,,
5263,2/17/22 7:00,25.319,3444.5,,,,,
5264,2/17/22 7:10,25.319,6544.5,,,,,
5265,2/17/22 7:20,25.319,2497.2,,,,,
5266,2/17/22 7:30,25.319,1980.6,,,,,
5267,2/17/22 7:40,25.319,2583.4,,,,,
5268,2/17/22 7:50,25.319,2583.4,,,,,
5269,2/17/22 8:00,25.416,16533.4,,,,,
5270,2/17/22 8:10,25.416,3616.7,,,,,
5271,2/17/22 8:20,25.319,2238.9,,,,,
5272,2/17/22 8:30,25.416,5166.7,,,,,
5273,2/17/22 8:40,25.319,2755.6,,,,,
5274,2/17/22 8:50,25.513,9644.5,,,,,
5275,2/17/22 9:00,25.416,4650,,,,,
5276,2/17/22 9:10,25.416,3100,,,,,
5277,2/17/22 9:20,25.513,4305.6,,,,,
5278,2/17/22 9:30,25.513,3272.2,,,,,
5279,2/17/22 9:40,25.513,3788.9,,,,,
5280,2/17/22 9:50,25.513,5338.9,,,,,
5281,2/17/22 10:00,25.61,7577.8,,,,,
5282,2/17/22 10:10,25.805,23422.4,,,,,
5283,2/17/22 10:20,25.708,5511.1,,,,,
5284,2/17/22 10:30,25.708,6200,,,,,
5285,2/17/22 10:40,25.902,7233.4,,,,,
5286,2/17/22 10:50,26.097,9300.1,,,,,
5287,2/17/22 11:00,26.195,6544.5,,,,,
5288,2/17/22 11:10,26.097,6200,,,,,
5289,2/17/22 11:20,26,7233.4,,,,,
5290,2/17/22 11:30,26,9644.5,,,,,
5291,2/17/22 11:40,26.195,8266.7,,,,,
5292,2/17/22 11:50,26.097,3100,,,,,
5293,2/17/22 12:00,25.902,2927.8,,,,,
5294,2/17/22 12:10,25.902,6200,,,,,
5295,2/17/22 12:20,26,5166.7,,,,,
5296,2/17/22 12:30,26,6544.5,,,,,
5297,2/17/22 12:40,26,5511.1,,,,,
5298,2/17/22 12:50,26,5511.1,,,,,
5299,2/17/22 13:00,26,5511.1,,,,,
5300,2/17/22 13:10,26,5166.7,,,,,
5301,2/17/22 13:20,26.097,5166.7,,,,,
5302,2/17/22 13:30,26,4133.4,,,,,
5303,2/17/22 13:40,26,3788.9,,,,,
5304,2/17/22 13:50,26,3272.2,,,,,
5305,2/17/22 14:00,26,3272.2,,,,,
5306,2/17/22 14:10,25.902,2583.4,,,,,
5307,2/17/22 14:20,25.902,2755.6,,,,,
5308,2/17/22 14:30,25.902,2411.1,,,,,
5309,2/17/22 14:40,25.902,2411.1,,,,,
5310,2/17/22 14:50,25.902,2238.9,,,,,
5311,2/17/22 15:00,25.902,2411.1,,,,,
5312,2/17/22 15:10,25.805,1636.1,,,,,
5313,2/17/22 15:20,25.805,2152.8,,,,,
5314,2/17/22 15:30,25.902,2238.9,,,,,
5315,2/17/22 15:40,25.902,2152.8,,,,,
5316,2/17/22 15:50,25.902,1636.1,,,,,
5317,2/17/22 16:00,25.902,2066.7,,,,,
5318,2/17/22 16:10,25.805,1636.1,,,,,
5319,2/17/22 16:20,25.805,1216.3,,,,,
5320,2/17/22 16:30,25.805,1162.5,,,,,
5321,2/17/22 16:40,25.708,882.6,,,,,
5322,2/17/22 16:50,25.708,914.9,,,,,
5323,2/17/22 17:00,25.708,602.8,,,,,
5324,2/17/22 17:10,25.708,570.5,,,,,
5325,2/17/22 17:20,25.708,484.4,,,,,
5326,2/17/22 17:30,25.708,301.4,,,,,
5327,2/17/22 17:40,25.708,193.8,,,,,
5328,2/17/22 17:50,25.708,129.2,,,,,
5329,2/17/22 18:00,25.708,118.4,,,,,
5330,2/17/22 18:10,25.708,43.1,,,,,
5331,2/17/22 18:20,25.708,0,,,,,
5332,2/17/22 18:30,25.708,0,,,,,
5333,2/17/22 18:40,25.708,0,,,,,
5334,2/17/22 18:50,25.708,0,,,,,
5335,2/17/22 19:00,25.708,0,,,,,
5336,2/17/22 19:10,25.708,0,,,,,
5337,2/17/22 19:20,25.61,0,,,,,
5338,2/17/22 19:30,25.61,0,,,,,
5339,2/17/22 19:40,25.708,0,,,,,
5340,2/17/22 19:50,25.61,0,,,,,
5341,2/17/22 20:00,25.61,0,,,,,
5342,2/17/22 20:10,25.61,0,,,,,
5343,2/17/22 20:20,25.61,0,,,,,
5344,2/17/22 20:30,25.61,0,,,,,
5345,2/17/22 20:40,25.61,0,,,,,
5346,2/17/22 20:50,25.61,0,,,,,
5347,2/17/22 21:00,25.61,0,,,,,
5348,2/17/22 21:10,25.61,0,,,,,
5349,2/17/22 21:20,25.61,0,,,,,
5350,2/17/22 21:30,25.61,0,,,,,
5351,2/17/22 21:40,25.61,0,,,,,
5352,2/17/22 21:50,25.61,0,,,,,
5353,2/17/22 22:00,25.61,0,,,,,
5354,2/17/22 22:10,25.61,0,,,,,
5355,2/17/22 22:20,25.61,0,,,,,
5356,2/17/22 22:30,25.61,0,,,,,
5357,2/17/22 22:40,25.61,0,,,,,
5358,2/17/22 22:50,25.61,0,,,,,
5359,2/17/22 23:00,25.61,0,,,,,
5360,2/17/22 23:10,25.513,0,,,,,
5361,2/17/22 23:20,25.513,0,,,,,
5362,2/17/22 23:30,25.513,0,,,,,
5363,2/17/22 23:40,25.513,0,,,,,
5364,2/17/22 23:50,25.513,0,,,,,
5365,2/18/22 0:00,25.513,0,,,,,
5366,2/18/22 0:10,25.513,0,,,,,
5367,2/18/22 0:20,25.513,0,,,,,
5368,2/18/22 0:30,25.513,0,,,,,
5369,2/18/22 0:40,25.513,0,,,,,
5370,2/18/22 0:50,25.513,0,,,,,
5371,2/18/22 1:00,25.513,0,,,,,
5372,2/18/22 1:10,25.513,0,,,,,
5373,2/18/22 1:20,25.513,0,,,,,
5374,2/18/22 1:30,25.416,0,,,,,
5375,2/18/22 1:40,25.319,0,,,,,
5376,2/18/22 1:50,25.319,0,,,,,
5377,2/18/22 2:00,25.319,0,,,,,
5378,2/18/22 2:10,25.319,0,,,,,
5379,2/18/22 2:20,25.222,0,,,,,
5380,2/18/22 2:30,25.319,0,,,,,
5381,2/18/22 2:40,25.319,0,,,,,
5382,2/18/22 2:50,25.319,0,,,,,
5383,2/18/22 3:00,25.319,0,,,,,
5384,2/18/22 3:10,25.319,0,,,,,
5385,2/18/22 3:20,25.319,0,,,,,
5386,2/18/22 3:30,25.319,0,,,,,
5387,2/18/22 3:40,25.319,0,,,,,
5388,2/18/22 3:50,25.319,0,,,,,
5389,2/18/22 4:00,25.319,0,,,,,
5390,2/18/22 4:10,25.222,0,,,,,
5391,2/18/22 4:20,25.319,0,,,,,
5392,2/18/22 4:30,25.222,0,,,,,
5393,2/18/22 4:40,25.222,0,,,,,
5394,2/18/22 4:50,25.222,0,,,,,
5395,2/18/22 5:00,25.222,0,,,,,
5396,2/18/22 5:10,25.222,0,,,,,
5397,2/18/22 5:20,25.222,0,,,,,
5398,2/18/22 5:30,25.222,0,,,,,
5399,2/18/22 5:40,25.222,0,,,,,
5400,2/18/22 5:50,25.222,0,,,,,
5401,2/18/22 6:00,25.222,0,,,,,
5402,2/18/22 6:10,25.222,0,,,,,
5403,2/18/22 6:20,25.222,32.3,,,,,
5404,2/18/22 6:30,25.222,86.1,,,,,
5405,2/18/22 6:40,25.222,183,,,,,
5406,2/18/22 6:50,25.222,333.7,,,,,
5407,2/18/22 7:00,25.222,441.3,,,,,
5408,2/18/22 7:10,25.222,613.5,,,,,
5409,2/18/22 7:20,25.319,516.7,,,,,
5410,2/18/22 7:30,25.319,807.3,,,,,
5411,2/18/22 7:40,25.319,452.1,,,,,
5412,2/18/22 7:50,25.319,990.3,,,,,
5413,2/18/22 8:00,25.319,1291.7,,,,,
5414,2/18/22 8:10,25.319,2238.9,,,,,
5415,2/18/22 8:20,25.319,3616.7,,,,,
5416,2/18/22 8:30,25.319,3100,,,,,
5417,2/18/22 8:40,25.319,3616.7,,,,,
5418,2/18/22 8:50,25.416,4477.8,,,,,
5419,2/18/22 9:00,25.416,5166.7,,,,,
5420,2/18/22 9:10,25.416,5166.7,,,,,
5421,2/18/22 9:20,25.513,6544.5,,,,,
5422,2/18/22 9:30,25.513,8611.2,,,,,
5423,2/18/22 9:40,25.61,13777.9,,,,,
5424,2/18/22 9:50,25.805,14466.8,,,,,
5425,2/18/22 10:00,25.708,11022.3,,,,,
5426,2/18/22 10:10,25.708,11022.3,,,,,
5427,2/18/22 10:20,25.805,13089,,,,,
5428,2/18/22 10:30,25.805,9300.1,,,,,
5429,2/18/22 10:40,26.292,24800.2,,,,,
5430,2/18/22 10:50,26.195,12400.1,,,,,
5431,2/18/22 11:00,26.195,13089,,,,,
5432,2/18/22 11:10,26.195,19977.9,,,,,
5433,2/18/22 11:20,26.195,13089,,,,,
5434,2/18/22 11:30,26.292,23422.4,,,,,
5435,2/18/22 11:40,26.292,13777.9,,,,,
5436,2/18/22 11:50,26.292,11022.3,,,,,
5437,2/18/22 12:00,26.292,8611.2,,,,,
5438,2/18/22 12:10,26.292,8266.7,,,,,
5439,2/18/22 12:20,26.39,10333.4,,,,,
5440,2/18/22 12:30,26.39,7233.4,,,,,
5441,2/18/22 12:40,26.39,6200,,,,,
5442,2/18/22 12:50,26.292,6544.5,,,,,
5443,2/18/22 13:00,26.292,5511.1,,,,,
5444,2/18/22 13:10,26.292,4477.8,,,,,
5445,2/18/22 13:20,26.195,3788.9,,,,,
5446,2/18/22 13:30,26.195,4477.8,,,,,
5447,2/18/22 13:40,26.292,4822.3,,,,,
5448,2/18/22 13:50,26.195,4477.8,,,,,
5449,2/18/22 14:00,26.097,4305.6,,,,,
5450,2/18/22 14:10,26,3788.9,,,,,
5451,2/18/22 14:20,25.902,4133.4,,,,,
5452,2/18/22 14:30,25.805,4822.3,,,,,
5453,2/18/22 14:40,25.805,3616.7,,,,,
5454,2/18/22 14:50,25.805,1980.6,,,,,
5455,2/18/22 15:00,25.708,2238.9,,,,,
5456,2/18/22 15:10,25.708,2497.2,,,,,
5457,2/18/22 15:20,25.708,1463.9,,,,,
5458,2/18/22 15:30,25.805,1722.2,,,,,
5459,2/18/22 15:40,25.805,1377.8,,,,,
5460,2/18/22 15:50,25.902,1463.9,,,,,
5461,2/18/22 16:00,25.902,1808.3,,,,,
5462,2/18/22 16:10,25.805,2066.7,,,,,
5463,2/18/22 16:20,25.902,1808.3,,,,,
5464,2/18/22 16:30,25.805,1636.1,,,,,
5465,2/18/22 16:40,25.805,1227.1,,,,,
5466,2/18/22 16:50,25.708,1054.9,,,,,
5467,2/18/22 17:00,25.708,1162.5,,,,,
5468,2/18/22 17:10,25.708,753.5,,,,,
5469,2/18/22 17:20,25.61,1054.9,,,,,
5470,2/18/22 17:30,25.708,1173.3,,,,,
5471,2/18/22 17:40,25.708,775,,,,,
5472,2/18/22 17:50,25.902,398.3,,,,,
5473,2/18/22 18:00,25.902,226,,,,,
5474,2/18/22 18:10,25.902,75.3,,,,,
5475,2/18/22 18:20,25.902,32.3,,,,,
5476,2/18/22 18:30,25.902,0,,,,,
5477,2/18/22 18:40,25.902,0,,,,,
5478,2/18/22 18:50,25.805,0,,,,,
5479,2/18/22 19:00,25.902,0,,,,,
5480,2/18/22 19:10,25.805,0,,,,,
5481,2/18/22 19:20,25.805,0,,,,,
5482,2/18/22 19:30,25.805,0,,,,,
5483,2/18/22 19:40,25.805,0,,,,,
5484,2/18/22 19:50,25.805,0,,,,,
5485,2/18/22 20:00,25.805,0,,,,,
5486,2/18/22 20:10,25.805,0,,,,,
5487,2/18/22 20:20,25.805,0,,,,,
5488,2/18/22 20:30,25.805,0,,,,,
5489,2/18/22 20:40,25.805,0,,,,,
5490,2/18/22 20:50,25.805,0,,,,,
5491,2/18/22 21:00,25.805,0,,,,,
5492,2/18/22 21:10,25.805,0,,,,,
5493,2/18/22 21:20,25.805,0,,,,,
5494,2/18/22 21:30,25.805,0,,,,,
5495,2/18/22 21:40,25.805,0,,,,,
5496,2/18/22 21:50,25.805,0,,,,,
5497,2/18/22 22:00,25.708,0,,,,,
5498,2/18/22 22:10,25.708,0,,,,,
5499,2/18/22 22:20,25.708,0,,,,,
5500,2/18/22 22:30,25.708,0,,,,,
5501,2/18/22 22:40,25.708,0,,,,,
5502,2/18/22 22:50,25.708,0,,,,,
5503,2/18/22 23:00,25.708,0,,,,,
5504,2/18/22 23:10,25.708,0,,,,,
5505,2/18/22 23:20,25.708,0,,,,,
5506,2/18/22 23:30,25.708,0,,,,,
5507,2/18/22 23:40,25.708,0,,,,,
5508,2/18/22 23:50,25.708,0,,,,,
5509,2/19/22 0:00,25.708,0,,,,,
5510,2/19/22 0:10,25.708,0,,,,,
5511,2/19/22 0:20,25.708,0,,,,,
5512,2/19/22 0:30,25.61,0,,,,,
5513,2/19/22 0:40,25.61,0,,,,,
5514,2/19/22 0:50,25.61,0,,,,,
5515,2/19/22 1:00,25.61,0,,,,,
5516,2/19/22 1:10,25.61,0,,,,,
5517,2/19/22 1:20,25.61,0,,,,,
5518,2/19/22 1:30,25.708,0,,,,,
5519,2/19/22 1:40,25.708,0,,,,,
5520,2/19/22 1:50,25.708,0,,,,,
5521,2/19/22 2:00,25.708,0,,,,,
5522,2/19/22 2:10,25.708,0,,,,,
5523,2/19/22 2:20,25.805,0,,,,,
5524,2/19/22 2:30,25.805,0,,,,,
5525,2/19/22 2:40,25.805,0,,,,,
5526,2/19/22 2:50,25.805,0,,,,,
5527,2/19/22 3:00,25.805,0,,,,,
5528,2/19/22 3:10,25.708,0,,,,,
5529,2/19/22 3:20,25.708,0,,,,,
5530,2/19/22 3:30,25.708,0,,,,,
5531,2/19/22 3:40,25.708,0,,,,,
5532,2/19/22 3:50,25.708,0,,,,,
5533,2/19/22 4:00,25.708,0,,,,,
5534,2/19/22 4:10,25.708,0,,,,,
5535,2/19/22 4:20,25.708,0,,,,,
5536,2/19/22 4:30,25.708,0,,,,,
5537,2/19/22 4:40,25.708,0,,,,,
5538,2/19/22 4:50,25.708,0,,,,,
5539,2/19/22 5:00,25.708,0,,,,,
5540,2/19/22 5:10,25.708,0,,,,,
5541,2/19/22 5:20,25.61,0,,,,,
5542,2/19/22 5:30,25.61,0,,,,,
5543,2/19/22 5:40,25.61,0,,,,,
5544,2/19/22 5:50,25.61,0,,,,,
5545,2/19/22 6:00,25.61,0,,,,,
5546,2/19/22 6:10,25.61,21.5,,,,,
5547,2/19/22 6:20,25.61,129.2,,,,,
5548,2/19/22 6:30,25.61,333.7,,,,,
5549,2/19/22 6:40,25.61,505.9,,,,,
5550,2/19/22 6:50,25.61,624.3,,,,,
5551,2/19/22 7:00,25.61,645.8,,,,,
5552,2/19/22 7:10,25.61,893.4,,,,,
5553,2/19/22 7:20,25.61,2411.1,,,,,
5554,2/19/22 7:30,25.708,9644.5,,,,,
5555,2/19/22 7:40,25.805,10677.8,,,,,
5556,2/19/22 7:50,25.805,5511.1,,,,,
5557,2/19/22 8:00,25.805,2927.8,,,,,
5558,2/19/22 8:10,25.708,17222.3,,,,,
5559,2/19/22 8:20,25.805,10677.8,,,,,
5560,2/19/22 8:30,26,10333.4,,,,,
5561,2/19/22 8:40,26.292,20666.8,,,,,
5562,2/19/22 8:50,26.097,19977.9,,,,,
5563,2/19/22 9:00,26.195,22044.6,,,,,
5564,2/19/22 9:10,26.39,22044.6,,,,,
5565,2/19/22 9:20,26.488,30311.3,,,,,
5566,2/19/22 9:30,26.488,28933.5,,,,,
5567,2/19/22 9:40,26.683,14466.8,,,,,
5568,2/19/22 9:50,26.781,19977.9,,,,,
5569,2/19/22 10:00,26.683,6544.5,,,,,
5570,2/19/22 10:10,26.683,7577.8,,,,,
5571,2/19/22 10:20,26.781,19977.9,,,,,
5572,2/19/22 10:30,26.781,7233.4,,,,,
5573,2/19/22 10:40,26.683,4133.4,,,,,
5574,2/19/22 10:50,26.879,3616.7,,,,,
5575,2/19/22 11:00,26.879,11022.3,,,,,
5576,2/19/22 11:10,27.075,7577.8,,,,,
5577,2/19/22 11:20,26.977,4305.6,,,,,
5578,2/19/22 11:30,27.075,4650,,,,,
5579,2/19/22 11:40,27.075,6544.5,,,,,
5580,2/19/22 11:50,27.567,2238.9,,,,,
5581,2/19/22 12:00,27.37,1722.2,,,,,
5582,2/19/22 12:10,27.764,2066.7,,,,,
5583,2/19/22 12:20,27.665,2411.1,,,,,
5584,2/19/22 12:30,27.37,1108.7,,,,,
5585,2/19/22 12:40,27.961,1808.3,,,,,
5586,2/19/22 12:50,27.764,1636.1,,,,,
5587,2/19/22 13:00,27.37,882.6,,,,,
5588,2/19/22 13:10,27.567,1194.8,,,,,
5589,2/19/22 13:20,27.468,1302.4,,,,,
5590,2/19/22 13:30,27.272,1377.8,,,,,
5591,2/19/22 13:40,27.173,893.4,,,,,
5592,2/19/22 13:50,27.567,1377.8,,,,,
5593,2/19/22 14:00,27.468,1550,,,,,
5594,2/19/22 14:10,27.468,1377.8,,,,,
5595,2/19/22 14:20,27.272,1334.7,,,,,
5596,2/19/22 14:30,26.879,2066.7,,,,,
5597,2/19/22 14:40,26.683,2927.8,,,,,
5598,2/19/22 14:50,26.683,2927.8,,,,,
5599,2/19/22 15:00,26.683,2927.8,,,,,
5600,2/19/22 15:10,26.683,3444.5,,,,,
5601,2/19/22 15:20,26.683,2755.6,,,,,
5602,2/19/22 15:30,26.585,2927.8,,,,,
5603,2/19/22 15:40,26.585,2669.5,,,,,
5604,2/19/22 15:50,26.585,1550,,,,,
5605,2/19/22 16:00,26.585,2152.8,,,,,
5606,2/19/22 16:10,26.585,2066.7,,,,,
5607,2/19/22 16:20,26.488,2066.7,,,,,
5608,2/19/22 16:30,26.39,1722.2,,,,,
5609,2/19/22 16:40,26.488,1550,,,,,
5610,2/19/22 16:50,26.39,1044.1,,,,,
5611,2/19/22 17:00,26.39,990.3,,,,,
5612,2/19/22 17:10,26.39,893.4,,,,,
5613,2/19/22 17:20,26.39,581.3,,,,,
5614,2/19/22 17:30,26.292,462.9,,,,,
5615,2/19/22 17:40,26.292,376.7,,,,,
5616,2/19/22 17:50,26.292,279.9,,,,,
5617,2/19/22 18:00,26.292,204.5,,,,,
5618,2/19/22 18:10,26.292,86.1,,,,,
5619,2/19/22 18:20,26.195,32.3,,,,,
5620,2/19/22 18:30,26.195,0,,,,,
5621,2/19/22 18:40,26.195,0,,,,,
5622,2/19/22 18:50,26.195,0,,,,,
5623,2/19/22 19:00,26.195,0,,,,,
5624,2/19/22 19:10,26.292,0,,,,,
5625,2/19/22 19:20,26.195,0,,,,,
5626,2/19/22 19:30,26.195,0,,,,,
5627,2/19/22 19:40,26.195,0,,,,,
5628,2/19/22 19:50,26.292,0,,,,,
5629,2/19/22 20:00,26.195,0,,,,,
5630,2/19/22 20:10,26.292,0,,,,,
5631,2/19/22 20:20,26.195,0,,,,,
5632,2/19/22 20:30,26.195,0,,,,,
5633,2/19/22 20:40,26.195,0,,,,,
5634,2/19/22 20:50,26.195,0,,,,,
5635,2/19/22 21:00,26.292,0,,,,,
5636,2/19/22 21:10,26.195,0,,,,,
5637,2/19/22 21:20,26.195,0,,,,,
5638,2/19/22 21:30,26.292,0,,,,,
5639,2/19/22 21:40,26.292,0,,,,,
5640,2/19/22 21:50,26.292,0,,,,,
5641,2/19/22 22:00,26.292,0,,,,,
5642,2/19/22 22:10,26.292,0,,,,,
5643,2/19/22 22:20,26.292,0,,,,,
5644,2/19/22 22:30,26.292,0,,,,,
5645,2/19/22 22:40,26.292,0,,,,,
5646,2/19/22 22:50,26.292,0,,,,,
5647,2/19/22 23:00,26.292,0,,,,,
5648,2/19/22 23:10,26.292,0,,,,,
5649,2/19/22 23:20,26.292,0,,,,,
5650,2/19/22 23:30,26.292,0,,,,,
5651,2/19/22 23:40,26.292,0,,,,,
5652,2/19/22 23:50,26.195,0,,,,,
5653,2/20/22 0:00,26.195,0,,,,,
5654,2/20/22 0:10,26.195,0,,,,,
5655,2/20/22 0:20,26.195,0,,,,,
5656,2/20/22 0:30,26.195,0,,,,,
5657,2/20/22 0:40,26.097,0,,,,,
5658,2/20/22 0:50,26.097,0,,,,,
5659,2/20/22 1:00,26.097,0,,,,,
5660,2/20/22 1:10,26.097,0,,,,,
5661,2/20/22 1:20,26.097,0,,,,,
5662,2/20/22 1:30,26.097,0,,,,,
5663,2/20/22 1:40,26.097,0,,,,,
5664,2/20/22 1:50,26.097,0,,,,,
5665,2/20/22 2:00,26,0,,,,,
5666,2/20/22 2:10,26.097,0,,,,,
5667,2/20/22 2:20,26.097,0,,,,,
5668,2/20/22 2:30,26.097,0,,,,,
5669,2/20/22 2:40,26.097,0,,,,,
5670,2/20/22 2:50,26.097,0,,,,,
5671,2/20/22 3:00,26,0,,,,,
5672,2/20/22 3:10,26.097,0,,,,,
5673,2/20/22 3:20,26,0,,,,,
5674,2/20/22 3:30,26,0,,,,,
5675,2/20/22 3:40,26,0,,,,,
5676,2/20/22 3:50,26,0,,,,,
5677,2/20/22 4:00,26,0,,,,,
5678,2/20/22 4:10,26,0,,,,,
5679,2/20/22 4:20,26,0,,,,,
5680,2/20/22 4:30,26,0,,,,,
5681,2/20/22 4:40,26,0,,,,,
5682,2/20/22 4:50,26,0,,,,,
5683,2/20/22 5:00,26,0,,,,,
5684,2/20/22 5:10,26,0,,,,,
5685,2/20/22 5:20,26,0,,,,,
5686,2/20/22 5:30,26,0,,,,,
5687,2/20/22 5:40,26,0,,,,,
5688,2/20/22 5:50,26,0,,,,,
5689,2/20/22 6:00,26,0,,,,,
5690,2/20/22 6:10,26,0,,,,,
5691,2/20/22 6:20,26,43.1,,,,,
5692,2/20/22 6:30,26,183,,,,,
5693,2/20/22 6:40,26,279.9,,,,,
5694,2/20/22 6:50,26,796.5,,,,,
5695,2/20/22 7:00,26,721.2,,,,,
5696,2/20/22 7:10,26,979.5,,,,,
5697,2/20/22 7:20,26,1345.5,,,,,
5698,2/20/22 7:30,26,2238.9,,,,,
5699,2/20/22 7:40,26.097,5511.1,,,,,
5700,2/20/22 7:50,26.097,2927.8,,,,,
5701,2/20/22 8:00,26.097,2669.5,,,,,
5702,2/20/22 8:10,26.097,2669.5,,,,,
5703,2/20/22 8:20,26.097,1162.5,,,,,
5704,2/20/22 8:30,26.097,1205.6,,,,,
5705,2/20/22 8:40,26.097,2238.9,,,,,
5706,2/20/22 8:50,26.097,2755.6,,,,,
5707,2/20/22 9:00,26.097,1636.1,,,,,
5708,2/20/22 9:10,26.097,1980.6,,,,,
5709,2/20/22 9:20,26.097,1377.8,,,,,
5710,2/20/22 9:30,26.195,3272.2,,,,,
5711,2/20/22 9:40,26.488,7233.4,,,,,
5712,2/20/22 9:50,26.488,8611.2,,,,,
5713,2/20/22 10:00,26.585,7233.4,,,,,
5714,2/20/22 10:10,26.39,1808.3,,,,,
5715,2/20/22 10:20,26.585,9300.1,,,,,
5716,2/20/22 10:30,26.879,15155.7,,,,,
5717,2/20/22 10:40,26.585,4477.8,,,,,
5718,2/20/22 10:50,26.781,4822.3,,,,,
5719,2/20/22 11:00,26.977,5511.1,,,,,
5720,2/20/22 11:10,26.879,11711.2,,,,,
5721,2/20/22 11:20,26.977,14466.8,,,,,
5722,2/20/22 11:30,26.977,13089,,,,,
5723,2/20/22 11:40,27.173,8611.2,,,,,
5724,2/20/22 11:50,27.173,11711.2,,,,,
5725,2/20/22 12:00,27.272,19289,,,,,
5726,2/20/22 12:10,27.075,4133.4,,,,,
5727,2/20/22 12:20,27.272,4822.3,,,,,
5728,2/20/22 12:30,27.272,4477.8,,,,,
5729,2/20/22 12:40,27.272,3616.7,,,,,
5730,2/20/22 12:50,27.272,2755.6,,,,,
5731,2/20/22 13:00,27.272,4133.4,,,,,
5732,2/20/22 13:10,27.272,3272.2,,,,,
5733,2/20/22 13:20,28.06,1377.8,,,,,
5734,2/20/22 13:30,27.468,344.4,,,,,
5735,2/20/22 13:40,27.961,1636.1,,,,,
5736,2/20/22 13:50,27.468,1227.1,,,,,
5737,2/20/22 14:00,27.468,2066.7,,,,,
5738,2/20/22 14:10,27.567,1280.9,,,,,
5739,2/20/22 14:20,27.075,592,,,,,
5740,2/20/22 14:30,27.075,505.9,,,,,
5741,2/20/22 14:40,26.879,635.1,,,,,
5742,2/20/22 14:50,27.173,592,,,,,
5743,2/20/22 15:00,26.585,2411.1,,,,,
5744,2/20/22 15:10,26.781,3616.7,,,,,
5745,2/20/22 15:20,26.781,2497.2,,,,,
5746,2/20/22 15:30,26.781,1980.6,,,,,
5747,2/20/22 15:40,26.781,1894.5,,,,,
5748,2/20/22 15:50,26.879,2497.2,,,,,
5749,2/20/22 16:00,26.781,1463.9,,,,,
5750,2/20/22 16:10,26.683,1722.2,,,,,
5751,2/20/22 16:20,26.683,1550,,,,,
5752,2/20/22 16:30,26.683,1377.8,,,,,
5753,2/20/22 16:40,26.683,1334.7,,,,,
5754,2/20/22 16:50,26.683,1087.2,,,,,
5755,2/20/22 17:00,26.683,807.3,,,,,
5756,2/20/22 17:10,26.585,656.6,,,,,
5757,2/20/22 17:20,26.585,624.3,,,,,
5758,2/20/22 17:30,26.585,656.6,,,,,
5759,2/20/22 17:40,26.585,301.4,,,,,
5760,2/20/22 17:50,26.585,247.6,,,,,
5761,2/20/22 18:00,26.585,193.8,,,,,
5762,2/20/22 18:10,26.488,64.6,,,,,
5763,2/20/22 18:20,26.488,32.3,,,,,
5764,2/20/22 18:30,26.488,0,,,,,
5765,2/20/22 18:40,26.488,0,,,,,
5766,2/20/22 18:50,26.488,0,,,,,
5767,2/20/22 19:00,26.488,0,,,,,
5768,2/20/22 19:10,26.488,0,,,,,
5769,2/20/22 19:20,26.488,0,,,,,
5770,2/20/22 19:30,26.488,0,,,,,
5771,2/20/22 19:40,26.488,0,,,,,
5772,2/20/22 19:50,26.488,0,,,,,
5773,2/20/22 20:00,26.488,0,,,,,
5774,2/20/22 20:10,26.39,0,,,,,
5775,2/20/22 20:20,26.39,0,,,,,
5776,2/20/22 20:30,26.39,0,,,,,
5777,2/20/22 20:40,26.39,0,,,,,
5778,2/20/22 20:50,26.39,0,,,,,
5779,2/20/22 21:00,26.488,0,,,,,
5780,2/20/22 21:10,26.488,0,,,,,
5781,2/20/22 21:20,26.488,0,,,,,
5782,2/20/22 21:30,26.39,0,,,,,
5783,2/20/22 21:40,26.39,0,,,,,
5784,2/20/22 21:50,26.39,0,,,,,
5785,2/20/22 22:00,26.39,0,,,,,
5786,2/20/22 22:10,26.39,0,,,,,
5787,2/20/22 22:20,26.39,0,,,,,
5788,2/20/22 22:30,26.39,0,,,,,
5789,2/20/22 22:40,26.39,0,,,,,
5790,2/20/22 22:50,26.39,0,,,,,
5791,2/20/22 23:00,26.39,0,,,,,
5792,2/20/22 23:10,26.39,0,,,,,
5793,2/20/22 23:20,26.39,0,,,,,
5794,2/20/22 23:30,26.39,0,,,,,
5795,2/20/22 23:40,26.39,0,,,,,
5796,2/20/22 23:50,26.39,0,,,,,
5797,2/21/22 0:00,26.39,0,,,,,
5798,2/21/22 0:10,26.292,0,,,,,
5799,2/21/22 0:20,26.292,0,,,,,
5800,2/21/22 0:30,26.292,0,,,,,
5801,2/21/22 0:40,26.292,0,,,,,
5802,2/21/22 0:50,26.292,0,,,,,
5803,2/21/22 1:00,26.292,0,,,,,
5804,2/21/22 1:10,26.195,0,,,,,
5805,2/21/22 1:20,26.195,0,,,,,
5806,2/21/22 1:30,26.195,0,,,,,
5807,2/21/22 1:40,26.195,0,,,,,
5808,2/21/22 1:50,26.195,0,,,,,
5809,2/21/22 2:00,26.195,0,,,,,
5810,2/21/22 2:10,26.195,0,,,,,
5811,2/21/22 2:20,26.195,0,,,,,
5812,2/21/22 2:30,26.195,0,,,,,
5813,2/21/22 2:40,26.195,0,,,,,
5814,2/21/22 2:50,26.195,0,,,,,
5815,2/21/22 3:00,26.195,0,,,,,
5816,2/21/22 3:10,26.195,0,,,,,
5817,2/21/22 3:20,26.195,0,,,,,
5818,2/21/22 3:30,26.195,0,,,,,
5819,2/21/22 3:40,26.195,0,,,,,
5820,2/21/22 3:50,26.195,0,,,,,
5821,2/21/22 4:00,26.195,0,,,,,
5822,2/21/22 4:10,26.195,0,,,,,
5823,2/21/22 4:20,26.195,0,,,,,
5824,2/21/22 4:30,26.195,0,,,,,
5825,2/21/22 4:40,26.195,0,,,,,
5826,2/21/22 4:50,26.195,0,,,,,
5827,2/21/22 5:00,26.195,0,,,,,
5828,2/21/22 5:10,26.195,0,,,,,
5829,2/21/22 5:20,26.195,0,,,,,
5830,2/21/22 5:30,26.097,0,,,,,
5831,2/21/22 5:40,26.097,0,,,,,
5832,2/21/22 5:50,26.097,0,,,,,
5833,2/21/22 6:00,26.097,0,,,,,
5834,2/21/22 6:10,26.097,0,,,,,
5835,2/21/22 6:20,26.097,10.8,,,,,
5836,2/21/22 6:30,26.097,75.3,,,,,
5837,2/21/22 6:40,26.097,226,,,,,
5838,2/21/22 6:50,26.097,645.8,,,,,
5839,2/21/22 7:00,26.097,678.1,,,,,
5840,2/21/22 7:10,26.097,979.5,,,,,
5841,2/21/22 7:20,26.097,2927.8,,,,,
5842,2/21/22 7:30,26.097,2927.8,,,,,
5843,2/21/22 7:40,26.195,5511.1,,,,,
5844,2/21/22 7:50,26.195,10677.8,,,,,
5845,2/21/22 8:00,26.39,10677.8,,,,,
5846,2/21/22 8:10,26.488,7577.8,,,,,
5847,2/21/22 8:20,26.488,10333.4,,,,,
5848,2/21/22 8:30,26.585,14466.8,,,,,
5849,2/21/22 8:40,26.683,24800.2,,,,,
5850,2/21/22 8:50,26.781,19977.9,,,,,
5851,2/21/22 9:00,26.781,52355.9,,,,,
5852,2/21/22 9:10,26.683,12400.1,,,,,
5853,2/21/22 9:20,26.879,15844.5,,,,,
5854,2/21/22 9:30,26.977,28933.5,,,,,
5855,2/21/22 9:40,26.683,3788.9,,,,,
5856,2/21/22 9:50,27.173,635.1,,,,,
5857,2/21/22 10:00,26.977,11711.2,,,,,
5858,2/21/22 10:10,26.977,4822.3,,,,,
5859,2/21/22 10:20,26.977,5338.9,,,,,
5860,2/21/22 10:30,27.567,1808.3,,,,,
5861,2/21/22 10:40,27.862,2755.6,,,,,
5862,2/21/22 10:50,27.272,12400.1,,,,,
5863,2/21/22 11:00,27.37,9300.1,,,,,
5864,2/21/22 11:10,27.272,7577.8,,,,,
5865,2/21/22 11:20,27.272,5511.1,,,,,
5866,2/21/22 11:30,27.272,9300.1,,,,,
5867,2/21/22 11:40,27.567,8266.7,,,,,
5868,2/21/22 11:50,27.665,3272.2,,,,,
5869,2/21/22 12:00,27.862,2927.8,,,,,
5870,2/21/22 12:10,27.961,1894.5,,,,,
5871,2/21/22 12:20,27.764,5166.7,,,,,
5872,2/21/22 12:30,27.862,2152.8,,,,,
5873,2/21/22 12:40,27.862,839.6,,,,,
5874,2/21/22 12:50,27.961,1324,,,,,
5875,2/21/22 13:00,28.456,1722.2,,,,,
5876,2/21/22 13:10,28.357,1722.2,,,,,
5877,2/21/22 13:20,28.456,1550,,,,,
5878,2/21/22 13:30,28.555,1463.9,,,,,
5879,2/21/22 13:40,28.456,1377.8,,,,,
5880,2/21/22 13:50,28.456,1377.8,,,,,
5881,2/21/22 14:00,28.258,1550,,,,,
5882,2/21/22 14:10,28.357,1334.7,,,,,
5883,2/21/22 14:20,28.06,1065.6,,,,,
5884,2/21/22 14:30,27.468,1033.3,,,,,
5885,2/21/22 14:40,27.468,1130.2,,,,,
5886,2/21/22 14:50,27.665,1248.6,,,,,
5887,2/21/22 15:00,27.567,2152.8,,,,,
5888,2/21/22 15:10,27.37,2152.8,,,,,
5889,2/21/22 15:20,27.272,2238.9,,,,,
5890,2/21/22 15:30,27.272,2497.2,,,,,
5891,2/21/22 15:40,27.272,1980.6,,,,,
5892,2/21/22 15:50,27.173,1636.1,,,,,
5893,2/21/22 16:00,27.173,1550,,,,,
5894,2/21/22 16:10,27.075,1463.9,,,,,
5895,2/21/22 16:20,27.075,1377.8,,,,,
5896,2/21/22 16:30,26.977,1184,,,,,
5897,2/21/22 16:40,26.977,1130.2,,,,,
5898,2/21/22 16:50,26.879,1033.3,,,,,
5899,2/21/22 17:00,26.781,871.9,,,,,
5900,2/21/22 17:10,26.781,807.3,,,,,
5901,2/21/22 17:20,26.683,635.1,,,,,
5902,2/21/22 17:30,26.683,516.7,,,,,
5903,2/21/22 17:40,26.683,409,,,,,
5904,2/21/22 17:50,26.585,322.9,,,,,
5905,2/21/22 18:00,26.781,226,,,,,
5906,2/21/22 18:10,26.683,96.9,,,,,
5907,2/21/22 18:20,26.879,10.8,,,,,
5908,2/21/22 18:30,26.781,0,,,,,
5909,2/21/22 18:40,26.781,0,,,,,
5910,2/21/22 18:50,26.781,0,,,,,
5911,2/21/22 19:00,26.781,0,,,,,
5912,2/21/22 19:10,26.781,0,,,,,
5913,2/21/22 19:20,26.781,0,,,,,
5914,2/21/22 19:30,26.683,0,,,,,
5915,2/21/22 19:40,26.683,0,,,,,
5916,2/21/22 19:50,26.683,0,,,,,
5917,2/21/22 20:00,26.683,0,,,,,
5918,2/21/22 20:10,26.683,0,,,,,
5919,2/21/22 20:20,26.683,0,,,,,
5920,2/21/22 20:30,26.585,0,,,,,
5921,2/21/22 20:40,26.585,0,,,,,
5922,2/21/22 20:50,26.683,0,,,,,
5923,2/21/22 21:00,26.683,0,,,,,
5924,2/21/22 21:10,26.683,0,,,,,
5925,2/21/22 21:20,26.683,0,,,,,
5926,2/21/22 21:30,26.683,0,,,,,
5927,2/21/22 21:40,26.683,0,,,,,
5928,2/21/22 21:50,26.683,0,,,,,
5929,2/21/22 22:00,26.683,0,,,,,
5930,2/21/22 22:10,26.683,0,,,,,
5931,2/21/22 22:20,26.683,0,,,,,
5932,2/21/22 22:30,26.683,0,,,,,
5933,2/21/22 22:40,26.683,0,,,,,
5934,2/21/22 22:50,26.585,0,,,,,
5935,2/21/22 23:00,26.585,0,,,,,
5936,2/21/22 23:10,26.585,0,,,,,
5937,2/21/22 23:20,26.585,0,,,,,
5938,2/21/22 23:30,26.585,0,,,,,
5939,2/21/22 23:40,26.585,0,,,,,
5940,2/21/22 23:50,26.585,0,,,,,
5941,2/22/22 0:00,26.585,0,,,,,
5942,2/22/22 0:10,26.585,0,,,,,
5943,2/22/22 0:20,26.585,0,,,,,
5944,2/22/22 0:30,26.585,0,,,,,
5945,2/22/22 0:40,26.585,0,,,,,
5946,2/22/22 0:50,26.488,0,,,,,
5947,2/22/22 1:00,26.488,0,,,,,
5948,2/22/22 1:10,26.488,0,,,,,
5949,2/22/22 1:20,26.488,0,,,,,
5950,2/22/22 1:30,26.488,0,,,,,
5951,2/22/22 1:40,26.488,0,,,,,
5952,2/22/22 1:50,26.488,0,,,,,
5953,2/22/22 2:00,26.39,0,,,,,
5954,2/22/22 2:10,26.39,0,,,,,
5955,2/22/22 2:20,26.39,0,,,,,
5956,2/22/22 2:30,26.39,0,,,,,
5957,2/22/22 2:40,26.39,0,,,,,
5958,2/22/22 2:50,26.39,0,,,,,
5959,2/22/22 3:00,26.39,0,,,,,
5960,2/22/22 3:10,26.39,0,,,,,
5961,2/22/22 3:20,26.292,0,,,,,
5962,2/22/22 3:30,26.39,0,,,,,
5963,2/22/22 3:40,26.39,0,,,,,
5964,2/22/22 3:50,26.39,0,,,,,
5965,2/22/22 4:00,26.39,0,,,,,
5966,2/22/22 4:10,26.292,0,,,,,
5967,2/22/22 4:20,26.39,0,,,,,
5968,2/22/22 4:30,26.39,0,,,,,
5969,2/22/22 4:40,26.39,0,,,,,
5970,2/22/22 4:50,26.39,0,,,,,
5971,2/22/22 5:00,26.39,0,,,,,
5972,2/22/22 5:10,26.292,0,,,,,
5973,2/22/22 5:20,26.195,0,,,,,
5974,2/22/22 5:30,26.195,0,,,,,
5975,2/22/22 5:40,26.195,0,,,,,
5976,2/22/22 5:50,26.195,0,,,,,
5977,2/22/22 6:00,26.292,0,,,,,
5978,2/22/22 6:10,26.292,10.8,,,,,
5979,2/22/22 6:20,26.292,96.9,,,,,
5980,2/22/22 6:30,26.292,301.4,,,,,
5981,2/22/22 6:40,26.292,613.5,,,,,
5982,2/22/22 6:50,26.39,925.7,,,,,
5983,2/22/22 7:00,26.39,1377.8,,,,,
5984,2/22/22 7:10,26.39,1722.2,,,,,
5985,2/22/22 7:20,26.39,1980.6,,,,,
5986,2/22/22 7:30,26.488,2927.8,,,,,
5987,2/22/22 7:40,26.488,3100,,,,,
5988,2/22/22 7:50,26.488,2755.6,,,,,
5989,2/22/22 8:00,26.488,3616.7,,,,,
5990,2/22/22 8:10,26.585,8611.2,,,,,
5991,2/22/22 8:20,26.488,5166.7,,,,,
5992,2/22/22 8:30,26.585,9644.5,,,,,
5993,2/22/22 8:40,26.879,22044.6,,,,,
5994,2/22/22 8:50,26.585,14466.8,,,,,
5995,2/22/22 9:00,26.781,14466.8,,,,,
5996,2/22/22 9:10,26.977,19289,,,,,
5997,2/22/22 9:20,27.272,22044.6,,,,,
5998,2/22/22 9:30,27.37,33066.9,,,,,
5999,2/22/22 9:40,27.468,22044.6,,,,,
6000,2/22/22 9:50,27.468,46844.8,,,,,
6001,2/22/22 10:00,27.665,44089.2,,,,,
6002,2/22/22 10:10,27.665,24800.2,,,,,
6003,2/22/22 10:20,27.764,55111.5,,,,,
6004,2/22/22 10:30,27.764,23422.4,,,,,
6005,2/22/22 10:40,27.764,23422.4,,,,,
6006,2/22/22 10:50,27.862,52355.9,,,,,
6007,2/22/22 11:00,27.862,22044.6,,,,,
6008,2/22/22 11:10,27.862,21355.7,,,,,
6009,2/22/22 11:20,27.961,49600.3,,,,,
6010,2/22/22 11:30,27.862,16533.4,,,,,
6011,2/22/22 11:40,27.862,12400.1,,,,,
6012,2/22/22 11:50,27.764,11711.2,,,,,
6013,2/22/22 12:00,28.06,18600.1,,,,,
6014,2/22/22 12:10,28.258,13089,,,,,
6015,2/22/22 12:20,27.862,10333.4,,,,,
6016,2/22/22 12:30,27.764,9644.5,,,,,
6017,2/22/22 12:40,27.862,7577.8,,,,,
6018,2/22/22 12:50,27.961,8611.2,,,,,
6019,2/22/22 13:00,28.06,9644.5,,,,,
6020,2/22/22 13:10,28.357,12400.1,,,,,
6021,2/22/22 13:20,28.06,7577.8,,,,,
6022,2/22/22 13:30,28.159,11022.3,,,,,
6023,2/22/22 13:40,27.961,7577.8,,,,,
6024,2/22/22 13:50,27.862,7233.4,,,,,
6025,2/22/22 14:00,27.862,7233.4,,,,,
6026,2/22/22 14:10,27.764,5166.7,,,,,
6027,2/22/22 14:20,27.764,5511.1,,,,,
6028,2/22/22 14:30,27.567,5166.7,,,,,
6029,2/22/22 14:40,27.468,5511.1,,,,,
6030,2/22/22 14:50,27.37,5338.9,,,,,
6031,2/22/22 15:00,27.272,4477.8,,,,,
6032,2/22/22 15:10,27.173,5338.9,,,,,
6033,2/22/22 15:20,27.173,4477.8,,,,,
6034,2/22/22 15:30,27.173,3616.7,,,,,
6035,2/22/22 15:40,27.173,3100,,,,,
6036,2/22/22 15:50,27.075,2325,,,,,
6037,2/22/22 16:00,26.977,2325,,,,,
6038,2/22/22 16:10,26.879,2411.1,,,,,
6039,2/22/22 16:20,26.879,1894.5,,,,,
6040,2/22/22 16:30,26.879,1463.9,,,,,
6041,2/22/22 16:40,26.781,1377.8,,,,,
6042,2/22/22 16:50,26.879,1324,,,,,
6043,2/22/22 17:00,26.879,1119.5,,,,,
6044,2/22/22 17:10,26.879,1044.1,,,,,
6045,2/22/22 17:20,26.879,882.6,,,,,
6046,2/22/22 17:30,26.879,753.5,,,,,
6047,2/22/22 17:40,26.781,624.3,,,,,
6048,2/22/22 17:50,26.781,398.3,,,,,
6049,2/22/22 18:00,26.781,236.8,,,,,
6050,2/22/22 18:10,26.683,129.2,,,,,
6051,2/22/22 18:20,26.683,32.3,,,,,
6052,2/22/22 18:30,26.683,0,,,,,
6053,2/22/22 18:40,26.585,0,,,,,
6054,2/22/22 18:50,26.585,0,,,,,
6055,2/22/22 19:00,26.585,0,,,,,
6056,2/22/22 19:10,26.585,0,,,,,
6057,2/22/22 19:20,26.585,0,,,,,
6058,2/22/22 19:30,26.585,0,,,,,
6059,2/22/22 19:40,26.585,0,,,,,
6060,2/22/22 19:50,26.585,0,,,,,
6061,2/22/22 20:00,26.585,0,,,,,
6062,2/22/22 20:10,26.585,0,,,,,
6063,2/22/22 20:20,26.585,0,,,,,
6064,2/22/22 20:30,26.585,0,,,,,
6065,2/22/22 20:40,26.585,0,,,,,
6066,2/22/22 20:50,26.585,0,,,,,
6067,2/22/22 21:00,26.585,0,,,,,
6068,2/22/22 21:10,26.585,0,,,,,
6069,2/22/22 21:20,26.585,0,,,,,
6070,2/22/22 21:30,26.585,0,,,,,
6071,2/22/22 21:40,26.585,0,,,,,
6072,2/22/22 21:50,26.585,0,,,,,
6073,2/22/22 22:00,26.585,0,,,,,
6074,2/22/22 22:10,26.585,0,,,,,
6075,2/22/22 22:20,26.585,0,,,,,
6076,2/22/22 22:30,26.585,0,,,,,
6077,2/22/22 22:40,26.585,0,,,,,
6078,2/22/22 22:50,26.585,0,,,,,
6079,2/22/22 23:00,26.585,0,,,,,
6080,2/22/22 23:10,26.585,0,,,,,
6081,2/22/22 23:20,26.488,0,,,,,
6082,2/22/22 23:30,26.488,0,,,,,
6083,2/22/22 23:40,26.488,0,,,,,
6084,2/22/22 23:50,26.488,0,,,,,
6085,2/23/22 0:00,26.488,0,,,,,
6086,2/23/22 0:10,26.488,0,,,,,
6087,2/23/22 0:20,26.488,0,,,,,
6088,2/23/22 0:30,26.488,0,,,,,
6089,2/23/22 0:40,26.488,0,,,,,
6090,2/23/22 0:50,26.488,0,,,,,
6091,2/23/22 1:00,26.39,0,,,,,
6092,2/23/22 1:10,26.39,0,,,,,
6093,2/23/22 1:20,26.39,0,,,,,
6094,2/23/22 1:30,26.39,0,,,,,
6095,2/23/22 1:40,26.39,0,,,,,
6096,2/23/22 1:50,26.39,0,,,,,
6097,2/23/22 2:00,26.39,0,,,,,
6098,2/23/22 2:10,26.39,0,,,,,
6099,2/23/22 2:20,26.292,0,,,,,
6100,2/23/22 2:30,26.292,0,,,,,
6101,2/23/22 2:40,26.292,0,,,,,
6102,2/23/22 2:50,26.292,0,,,,,
6103,2/23/22 3:00,26.292,0,,,,,
6104,2/23/22 3:10,26.292,0,,,,,
6105,2/23/22 3:20,26.292,0,,,,,
6106,2/23/22 3:30,26.195,0,,,,,
6107,2/23/22 3:40,26.195,0,,,,,
6108,2/23/22 3:50,26.195,0,,,,,
6109,2/23/22 4:00,26.292,0,,,,,
6110,2/23/22 4:10,26.292,0,,,,,
6111,2/23/22 4:20,26.292,0,,,,,
6112,2/23/22 4:30,26.292,0,,,,,
6113,2/23/22 4:40,26.292,0,,,,,
6114,2/23/22 4:50,26.292,0,,,,,
6115,2/23/22 5:00,26.292,0,,,,,
6116,2/23/22 5:10,26.292,0,,,,,
6117,2/23/22 5:20,26.292,0,,,,,
6118,2/23/22 5:30,26.292,0,,,,,
6119,2/23/22 5:40,26.292,0,,,,,
6120,2/23/22 5:50,26.195,0,,,,,
6121,2/23/22 6:00,26.195,0,,,,,
6122,2/23/22 6:10,26.097,10.8,,,,,
6123,2/23/22 6:20,26,193.8,,,,,
6124,2/23/22 6:30,26,516.7,,,,,
6125,2/23/22 6:40,26,968.8,,,,,
6126,2/23/22 6:50,26,1011.8,,,,,
6127,2/23/22 7:00,26,1248.6,,,,,
6128,2/23/22 7:10,26,1377.8,,,,,
6129,2/23/22 7:20,26.097,2755.6,,,,,
6130,2/23/22 7:30,26.195,7577.8,,,,,
6131,2/23/22 7:40,26.195,11022.3,,,,,
6132,2/23/22 7:50,26.292,8611.2,,,,,
6133,2/23/22 8:00,26.39,15844.5,,,,,
6134,2/23/22 8:10,26.39,6544.5,,,,,
6135,2/23/22 8:20,26.488,9300.1,,,,,
6136,2/23/22 8:30,26.488,14466.8,,,,,
6137,2/23/22 8:40,26.585,16533.4,,,,,
6138,2/23/22 8:50,26.683,11711.2,,,,,
6139,2/23/22 9:00,26.781,42711.4,,,,,
6140,2/23/22 9:10,26.781,27555.7,,,,,
6141,2/23/22 9:20,26.879,44089.2,,,,,
6142,2/23/22 9:30,26.879,42711.4,,,,,
6143,2/23/22 9:40,26.879,49600.3,,,,,
6144,2/23/22 9:50,26.977,17222.3,,,,,
6145,2/23/22 10:00,27.075,34444.7,,,,,
6146,2/23/22 10:10,27.075,22044.6,,,,,
6147,2/23/22 10:20,27.173,11711.2,,,,,
6148,2/23/22 10:30,27.272,46844.8,,,,,
6149,2/23/22 10:40,27.272,39955.8,,,,,
6150,2/23/22 10:50,27.272,28933.5,,,,,
6151,2/23/22 11:00,27.272,14466.8,,,,,
6152,2/23/22 11:10,27.272,14466.8,,,,,
6153,2/23/22 11:20,27.173,27555.7,,,,,
6154,2/23/22 11:30,27.173,16533.4,,,,,
6155,2/23/22 11:40,27.272,14466.8,,,,,
6156,2/23/22 11:50,27.37,7233.4,,,,,
6157,2/23/22 12:00,27.37,24800.2,,,,,
6158,2/23/22 12:10,27.37,10677.8,,,,,
6159,2/23/22 12:20,27.468,11022.3,,,,,
6160,2/23/22 12:30,27.37,8266.7,,,,,
6161,2/23/22 12:40,27.37,5511.1,,,,,
6162,2/23/22 12:50,27.468,5338.9,,,,,
6163,2/23/22 13:00,27.468,6200,,,,,
6164,2/23/22 13:10,27.567,11022.3,,,,,
6165,2/23/22 13:20,27.764,5166.7,,,,,
6166,2/23/22 13:30,27.862,5166.7,,,,,
6167,2/23/22 13:40,27.862,4133.4,,,,,
6168,2/23/22 13:50,27.862,5166.7,,,,,
6169,2/23/22 14:00,27.862,2927.8,,,,,
6170,2/23/22 14:10,27.862,2927.8,,,,,
6171,2/23/22 14:20,27.862,3272.2,,,,,
6172,2/23/22 14:30,27.862,2497.2,,,,,
6173,2/23/22 14:40,27.764,2325,,,,,
6174,2/23/22 14:50,27.764,2238.9,,,,,
6175,2/23/22 15:00,27.764,2497.2,,,,,
6176,2/23/22 15:10,27.764,2066.7,,,,,
6177,2/23/22 15:20,27.567,2411.1,,,,,
6178,2/23/22 15:30,27.567,2411.1,,,,,
6179,2/23/22 15:40,27.468,2066.7,,,,,
6180,2/23/22 15:50,27.37,1808.3,,,,,
6181,2/23/22 16:00,27.37,1722.2,,,,,
6182,2/23/22 16:10,27.272,1550,,,,,
6183,2/23/22 16:20,27.272,1463.9,,,,,
6184,2/23/22 16:30,27.173,1463.9,,,,,
6185,2/23/22 16:40,27.173,1345.5,,,,,
6186,2/23/22 16:50,27.075,1248.6,,,,,
6187,2/23/22 17:00,27.075,1119.5,,,,,
6188,2/23/22 17:10,27.075,1001,,,,,
6189,2/23/22 17:20,27.075,904.2,,,,,
6190,2/23/22 17:30,26.977,764.2,,,,,
6191,2/23/22 17:40,26.977,505.9,,,,,
6192,2/23/22 17:50,26.977,387.5,,,,,
6193,2/23/22 18:00,27.075,344.4,,,,,
6194,2/23/22 18:10,26.977,139.9,,,,,
6195,2/23/22 18:20,26.977,32.3,,,,,
6196,2/23/22 18:30,26.879,0,,,,,
6197,2/23/22 18:40,26.977,0,,,,,
6198,2/23/22 18:50,26.879,0,,,,,
6199,2/23/22 19:00,26.879,0,,,,,
6200,2/23/22 19:10,26.879,0,,,,,
6201,2/23/22 19:20,26.781,0,,,,,
6202,2/23/22 19:30,26.781,0,,,,,
6203,2/23/22 19:40,26.781,0,,,,,
6204,2/23/22 19:50,26.781,0,,,,,
6205,2/23/22 20:00,26.683,0,,,,,
6206,2/23/22 20:10,26.683,0,,,,,
6207,2/23/22 20:20,26.683,0,,,,,
6208,2/23/22 20:30,26.683,0,,,,,
6209,2/23/22 20:40,26.683,0,,,,,
6210,2/23/22 20:50,26.683,0,,,,,
6211,2/23/22 21:00,26.683,0,,,,,
6212,2/23/22 21:10,26.683,0,,,,,
6213,2/23/22 21:20,26.683,0,,,,,
6214,2/23/22 21:30,26.683,0,,,,,
6215,2/23/22 21:40,26.683,0,,,,,
6216,2/23/22 21:50,26.585,0,,,,,
6217,2/23/22 22:00,26.585,0,,,,,
6218,2/23/22 22:10,26.585,0,,,,,
6219,2/23/22 22:20,26.585,0,,,,,
6220,2/23/22 22:30,26.683,0,,,,,
6221,2/23/22 22:40,26.683,0,,,,,
6222,2/23/22 22:50,26.585,0,,,,,
6223,2/23/22 23:00,26.683,0,,,,,
6224,2/23/22 23:10,26.683,0,,,,,
6225,2/23/22 23:20,26.683,0,,,,,
6226,2/23/22 23:30,26.683,0,,,,,
6227,2/23/22 23:40,26.683,0,,,,,
6228,2/23/22 23:50,26.585,0,,,,,
6229,2/24/22 0:00,26.585,0,,,,,
6230,2/24/22 0:10,26.585,0,,,,,
6231,2/24/22 0:20,26.585,0,,,,,
6232,2/24/22 0:30,26.585,0,,,,,
6233,2/24/22 0:40,26.585,0,,,,,
6234,2/24/22 0:50,26.585,0,,,,,
6235,2/24/22 1:00,26.585,0,,,,,
6236,2/24/22 1:10,26.585,0,,,,,
6237,2/24/22 1:20,26.585,0,,,,,
6238,2/24/22 1:30,26.585,0,,,,,
6239,2/24/22 1:40,26.488,0,,,,,
6240,2/24/22 1:50,26.488,0,,,,,
6241,2/24/22 2:00,26.488,0,,,,,
6242,2/24/22 2:10,26.488,0,,,,,
6243,2/24/22 2:20,26.488,0,,,,,
6244,2/24/22 2:30,26.488,0,,,,,
6245,2/24/22 2:40,26.488,0,,,,,
6246,2/24/22 2:50,26.488,0,,,,,
6247,2/24/22 3:00,26.488,0,,,,,
6248,2/24/22 3:10,26.488,0,,,,,
6249,2/24/22 3:20,26.488,0,,,,,
6250,2/24/22 3:30,26.488,0,,,,,
6251,2/24/22 3:40,26.488,0,,,,,
6252,2/24/22 3:50,26.39,0,,,,,
6253,2/24/22 4:00,26.39,0,,,,,
6254,2/24/22 4:10,26.39,0,,,,,
6255,2/24/22 4:20,26.39,0,,,,,
6256,2/24/22 4:30,26.39,0,,,,,
6257,2/24/22 4:40,26.39,0,,,,,
6258,2/24/22 4:50,26.39,0,,,,,
6259,2/24/22 5:00,26.292,0,,,,,
6260,2/24/22 5:10,26.292,0,,,,,
6261,2/24/22 5:20,26.292,0,,,,,
6262,2/24/22 5:30,26.39,0,,,,,
6263,2/24/22 5:40,26.39,0,,,,,
6264,2/24/22 5:50,26.39,0,,,,,
6265,2/24/22 6:00,26.39,0,,,,,
6266,2/24/22 6:10,26.39,32.3,,,,,
6267,2/24/22 6:20,26.39,204.5,,,,,
6268,2/24/22 6:30,26.39,527.4,,,,,
6269,2/24/22 6:40,26.39,914.9,,,,,
6270,2/24/22 6:50,26.39,1270.1,,,,,
6271,2/24/22 7:00,26.39,1636.1,,,,,
6272,2/24/22 7:10,26.488,1980.6,,,,,
6273,2/24/22 7:20,26.585,4477.8,,,,,
6274,2/24/22 7:30,26.585,4994.5,,,,,
6275,2/24/22 7:40,26.585,9300.1,,,,,
6276,2/24/22 7:50,26.683,7233.4,,,,,
6277,2/24/22 8:00,26.781,7233.4,,,,,
6278,2/24/22 8:10,26.781,7577.8,,,,,
6279,2/24/22 8:20,26.781,34444.7,,,,,
6280,2/24/22 8:30,26.879,10333.4,,,,,
6281,2/24/22 8:40,26.879,28933.5,,,,,
6282,2/24/22 8:50,26.977,10677.8,,,,,
6283,2/24/22 9:00,26.879,13777.9,,,,,
6284,2/24/22 9:10,26.879,26178,,,,,
6285,2/24/22 9:20,26.879,17222.3,,,,,
6286,2/24/22 9:30,26.781,22044.6,,,,,
6287,2/24/22 9:40,26.879,23422.4,,,,,
6288,2/24/22 9:50,26.879,26178,,,,,
6289,2/24/22 10:00,27.075,15844.5,,,,,
6290,2/24/22 10:10,27.075,13777.9,,,,,
6291,2/24/22 10:20,27.173,15155.7,,,,,
6292,2/24/22 10:30,27.272,15155.7,,,,,
6293,2/24/22 10:40,27.272,16533.4,,,,,
6294,2/24/22 10:50,27.272,26178,,,,,
6295,2/24/22 11:00,27.37,13089,,,,,
6296,2/24/22 11:10,27.37,17911.2,,,,,
6297,2/24/22 11:20,27.37,17911.2,,,,,
6298,2/24/22 11:30,27.37,11022.3,,,,,
6299,2/24/22 11:40,27.272,22044.6,,,,,
6300,2/24/22 11:50,27.173,13777.9,,,,,
6301,2/24/22 12:00,27.468,6544.5,,,,,
6302,2/24/22 12:10,27.468,5511.1,,,,,
6303,2/24/22 12:20,27.468,10677.8,,,,,
6304,2/24/22 12:30,27.468,6200,,,,,
6305,2/24/22 12:40,27.764,4650,,,,,
6306,2/24/22 12:50,27.764,3961.1,,,,,
6307,2/24/22 13:00,27.862,4650,,,,,
6308,2/24/22 13:10,27.862,8611.2,,,,,
6309,2/24/22 13:20,27.961,3788.9,,,,,
6310,2/24/22 13:30,27.862,4133.4,,,,,
6311,2/24/22 13:40,28.06,3272.2,,,,,
6312,2/24/22 13:50,28.258,1894.5,,,,,
6313,2/24/22 14:00,28.258,1894.5,,,,,
6314,2/24/22 14:10,28.357,1808.3,,,,,
6315,2/24/22 14:20,28.258,1980.6,,,,,
6316,2/24/22 14:30,28.06,1636.1,,,,,
6317,2/24/22 14:40,28.258,1636.1,,,,,
6318,2/24/22 14:50,28.357,1722.2,,,,,
6319,2/24/22 15:00,28.258,1636.1,,,,,
6320,2/24/22 15:10,27.961,764.2,,,,,
6321,2/24/22 15:20,28.159,1377.8,,,,,
6322,2/24/22 15:30,28.159,1259.4,,,,,
6323,2/24/22 15:40,28.159,1291.7,,,,,
6324,2/24/22 15:50,28.06,979.5,,,,,
6325,2/24/22 16:00,27.862,441.3,,,,,
6326,2/24/22 16:10,27.961,807.3,,,,,
6327,2/24/22 16:20,27.764,688.9,,,,,
6328,2/24/22 16:30,27.665,333.7,,,,,
6329,2/24/22 16:40,27.665,635.1,,,,,
6330,2/24/22 16:50,27.468,516.7,,,,,
6331,2/24/22 17:00,27.468,549,,,,,
6332,2/24/22 17:10,27.37,366,,,,,
6333,2/24/22 17:20,27.37,355.2,,,,,
6334,2/24/22 17:30,27.272,269.1,,,,,
6335,2/24/22 17:40,27.173,204.5,,,,,
6336,2/24/22 17:50,27.075,139.9,,,,,
6337,2/24/22 18:00,26.977,86.1,,,,,
6338,2/24/22 18:10,26.879,43.1,,,,,
6339,2/24/22 18:20,26.683,0,,,,,
6340,2/24/22 18:30,26.683,0,,,,,
6341,2/24/22 18:40,26.683,0,,,,,
6342,2/24/22 18:50,26.488,0,,,,,
6343,2/24/22 19:00,26.488,0,,,,,
6344,2/24/22 19:10,26.488,0,,,,,
6345,2/24/22 19:20,26.488,0,,,,,
6346,2/24/22 19:30,26.39,0,,,,,
6347,2/24/22 19:40,26.39,0,,,,,
6348,2/24/22 19:50,26.39,0,,,,,
6349,2/24/22 20:00,26.39,0,,,,,
6350,2/24/22 20:10,26.292,0,,,,,
6351,2/24/22 20:20,26.195,0,,,,,
6352,2/24/22 20:30,26.292,0,,,,,
6353,2/24/22 20:40,26.39,0,,,,,
6354,2/24/22 20:50,26.39,0,,,,,
6355,2/24/22 21:00,26.39,0,,,,,
6356,2/24/22 21:10,26.488,0,,,,,
6357,2/24/22 21:20,26.488,0,,,,,
6358,2/24/22 21:30,26.488,0,,,,,
6359,2/24/22 21:40,26.488,0,,,,,
6360,2/24/22 21:50,26.39,0,,,,,
6361,2/24/22 22:00,26.39,0,,,,,
6362,2/24/22 22:10,26.195,0,,,,,
6363,2/24/22 22:20,26.097,0,,,,,
6364,2/24/22 22:30,26.097,0,,,,,
6365,2/24/22 22:40,26.097,0,,,,,
6366,2/24/22 22:50,26.097,0,,,,,
6367,2/24/22 23:00,26.097,0,,,,,
6368,2/24/22 23:10,26.097,0,,,,,
6369,2/24/22 23:20,26.097,0,,,,,
6370,2/24/22 23:30,26.195,0,,,,,
6371,2/24/22 23:40,26.195,0,,,,,
6372,2/24/22 23:50,26.195,0,,,,,
6373,2/25/22 0:00,26.195,0,,,,,
6374,2/25/22 0:10,26.195,0,,,,,
6375,2/25/22 0:20,26.195,0,,,,,
6376,2/25/22 0:30,26.195,0,,,,,
6377,2/25/22 0:40,26.195,0,,,,,
6378,2/25/22 0:50,26.195,0,,,,,
6379,2/25/22 1:00,26.195,0,,,,,
6380,2/25/22 1:10,26.195,0,,,,,
6381,2/25/22 1:20,26.195,0,,,,,
6382,2/25/22 1:30,26.195,0,,,,,
6383,2/25/22 1:40,26.195,0,,,,,
6384,2/25/22 1:50,26.195,0,,,,,
6385,2/25/22 2:00,26.195,0,,,,,
6386,2/25/22 2:10,26.195,0,,,,,
6387,2/25/22 2:20,26.195,0,,,,,
6388,2/25/22 2:30,26.097,0,,,,,
6389,2/25/22 2:40,26.097,0,,,,,
6390,2/25/22 2:50,26.097,0,,,,,
6391,2/25/22 3:00,26.097,0,,,,,
6392,2/25/22 3:10,26.097,0,,,,,
6393,2/25/22 3:20,26.097,0,,,,,
6394,2/25/22 3:30,26.097,0,,,,,
6395,2/25/22 3:40,26.097,0,,,,,
6396,2/25/22 3:50,26.097,0,,,,,
6397,2/25/22 4:00,26.097,0,,,,,
6398,2/25/22 4:10,26.097,0,,,,,
6399,2/25/22 4:20,26.097,0,,,,,
6400,2/25/22 4:30,26,0,,,,,
6401,2/25/22 4:40,26,0,,,,,
6402,2/25/22 4:50,26.097,0,,,,,
6403,2/25/22 5:00,26,0,,,,,
6404,2/25/22 5:10,26,0,,,,,
6405,2/25/22 5:20,26,0,,,,,
6406,2/25/22 5:30,26,0,,,,,
6407,2/25/22 5:40,26,0,,,,,
6408,2/25/22 5:50,26,0,,,,,
6409,2/25/22 6:00,25.902,0,,,,,
6410,2/25/22 6:10,25.805,43.1,,,,,
6411,2/25/22 6:20,25.708,247.6,,,,,
6412,2/25/22 6:30,25.61,549,,,,,
6413,2/25/22 6:40,25.513,1291.7,,,,,
6414,2/25/22 6:50,25.513,1377.8,,,,,
6415,2/25/22 7:00,25.61,2325,,,,,
6416,2/25/22 7:10,25.61,5511.1,,,,,
6417,2/25/22 7:20,25.61,4133.4,,,,,
6418,2/25/22 7:30,25.708,12400.1,,,,,
6419,2/25/22 7:40,25.708,4994.5,,,,,
6420,2/25/22 7:50,25.708,16533.4,,,,,
6421,2/25/22 8:00,25.805,49600.3,,,,,
6422,2/25/22 8:10,25.805,11711.2,,,,,
6423,2/25/22 8:20,26,24800.2,,,,,
6424,2/25/22 8:30,26,9644.5,,,,,
6425,2/25/22 8:40,25.61,4822.3,,,,,
6426,2/25/22 8:50,25.902,16533.4,,,,,
6427,2/25/22 9:00,26,23422.4,,,,,
6428,2/25/22 9:10,25.902,20666.8,,,,,
6429,2/25/22 9:20,26,10333.4,,,,,
6430,2/25/22 9:30,26,30311.3,,,,,
6431,2/25/22 9:40,26,27555.7,,,,,
6432,2/25/22 9:50,26,18600.1,,,,,
6433,2/25/22 10:00,26,18600.1,,,,,
6434,2/25/22 10:10,26,11711.2,,,,,
6435,2/25/22 10:20,26.292,26178,,,,,
6436,2/25/22 10:30,26.195,38578,,,,,
6437,2/25/22 10:40,26.292,10333.4,,,,,
6438,2/25/22 10:50,26.292,9644.5,,,,,
6439,2/25/22 11:00,26.39,13089,,,,,
6440,2/25/22 11:10,26.39,9644.5,,,,,
6441,2/25/22 11:20,26.292,66133.8,,,,,
6442,2/25/22 11:30,26.292,15155.7,,,,,
6443,2/25/22 11:40,26.292,35822.5,,,,,
6444,2/25/22 11:50,26.39,9644.5,,,,,
6445,2/25/22 12:00,26.292,16533.4,,,,,
6446,2/25/22 12:10,26.292,7577.8,,,,,
6447,2/25/22 12:20,26.292,12400.1,,,,,
6448,2/25/22 12:30,26.195,6200,,,,,
6449,2/25/22 12:40,26.195,11022.3,,,,,
6450,2/25/22 12:50,26.195,39955.8,,,,,
6451,2/25/22 13:00,26.292,12400.1,,,,,
6452,2/25/22 13:10,26.292,5166.7,,,,,
6453,2/25/22 13:20,26.292,2927.8,,,,,
6454,2/25/22 13:30,26.195,2927.8,,,,,
6455,2/25/22 13:40,26.292,2583.4,,,,,
6456,2/25/22 13:50,26.39,2325,,,,,
6457,2/25/22 14:00,26.39,2152.8,,,,,
6458,2/25/22 14:10,26.488,2066.7,,,,,
6459,2/25/22 14:20,26.585,2325,,,,,
6460,2/25/22 14:30,26.585,2411.1,,,,,
6461,2/25/22 14:40,26.781,2066.7,,,,,
6462,2/25/22 14:50,26.879,1808.3,,,,,
6463,2/25/22 15:00,26.977,1808.3,,,,,
6464,2/25/22 15:10,27.075,1636.1,,,,,
6465,2/25/22 15:20,27.075,1377.8,,,,,
6466,2/25/22 15:30,27.075,1356.3,,,,,
6467,2/25/22 15:40,27.075,1356.3,,,,,
6468,2/25/22 15:50,27.075,1216.3,,,,,
6469,2/25/22 16:00,27.075,1087.2,,,,,
6470,2/25/22 16:10,27.173,1076.4,,,,,
6471,2/25/22 16:20,27.173,1119.5,,,,,
6472,2/25/22 16:30,27.075,968.8,,,,,
6473,2/25/22 16:40,27.075,904.2,,,,,
6474,2/25/22 16:50,27.075,613.5,,,,,
6475,2/25/22 17:00,27.075,527.4,,,,,
6476,2/25/22 17:10,26.977,355.2,,,,,
6477,2/25/22 17:20,26.977,269.1,,,,,
6478,2/25/22 17:30,26.977,258.3,,,,,
6479,2/25/22 17:40,26.879,183,,,,,
6480,2/25/22 17:50,26.781,129.2,,,,,
6481,2/25/22 18:00,26.781,86.1,,,,,
6482,2/25/22 18:10,26.781,32.3,,,,,
6483,2/25/22 18:20,26.683,0,,,,,
6484,2/25/22 18:30,26.683,0,,,,,
6485,2/25/22 18:40,26.585,0,,,,,
6486,2/25/22 18:50,26.585,0,,,,,
6487,2/25/22 19:00,26.488,0,,,,,
6488,2/25/22 19:10,26.488,0,,,,,
6489,2/25/22 19:20,26.292,0,,,,,
6490,2/25/22 19:30,26.097,0,,,,,
6491,2/25/22 19:40,25.902,0,,,,,
6492,2/25/22 19:50,25.708,0,,,,,
6493,2/25/22 20:00,25.61,0,,,,,
6494,2/25/22 20:10,25.61,0,,,,,
6495,2/25/22 20:20,25.513,0,,,,,
6496,2/25/22 20:30,25.513,0,,,,,
6497,2/25/22 20:40,25.513,0,,,,,
6498,2/25/22 20:50,25.513,0,,,,,
6499,2/25/22 21:00,25.513,0,,,,,
6500,2/25/22 21:10,25.61,0,,,,,
6501,2/25/22 21:20,25.61,0,,,,,
6502,2/25/22 21:30,25.61,0,,,,,
6503,2/25/22 21:40,25.61,0,,,,,
6504,2/25/22 21:50,25.61,0,,,,,
6505,2/25/22 22:00,25.61,0,,,,,
6506,2/25/22 22:10,25.61,0,,,,,
6507,2/25/22 22:20,25.61,0,,,,,
6508,2/25/22 22:30,25.61,0,,,,,
6509,2/25/22 22:40,25.61,0,,,,,
6510,2/25/22 22:50,25.61,0,,,,,
6511,2/25/22 23:00,25.61,0,,,,,
6512,2/25/22 23:10,25.513,0,,,,,
6513,2/25/22 23:20,25.513,0,,,,,
6514,2/25/22 23:30,25.513,0,,,,,
6515,2/25/22 23:40,25.513,0,,,,,
6516,2/25/22 23:50,25.513,0,,,,,
6517,2/26/22 0:00,25.513,0,,,,,
6518,2/26/22 0:10,25.513,0,,,,,
6519,2/26/22 0:20,25.513,0,,,,,
6520,2/26/22 0:30,25.513,0,,,,,
6521,2/26/22 0:40,25.513,0,,,,,
6522,2/26/22 0:50,25.513,0,,,,,
6523,2/26/22 1:00,25.513,0,,,,,
6524,2/26/22 1:10,25.513,0,,,,,
6525,2/26/22 1:20,25.513,0,,,,,
6526,2/26/22 1:30,25.513,0,,,,,
6527,2/26/22 1:40,25.513,0,,,,,
6528,2/26/22 1:50,25.513,0,,,,,
6529,2/26/22 2:00,25.513,0,,,,,
6530,2/26/22 2:10,25.513,0,,,,,
6531,2/26/22 2:20,25.513,0,,,,,
6532,2/26/22 2:30,25.513,0,,,,,
6533,2/26/22 2:40,25.513,0,,,,,
6534,2/26/22 2:50,25.513,0,,,,,
6535,2/26/22 3:00,25.513,0,,,,,
6536,2/26/22 3:10,25.513,0,,,,,
6537,2/26/22 3:20,25.513,0,,,,,
6538,2/26/22 3:30,25.513,0,,,,,
6539,2/26/22 3:40,25.513,0,,,,,
6540,2/26/22 3:50,25.513,0,,,,,
6541,2/26/22 4:00,25.513,0,,,,,
6542,2/26/22 4:10,25.513,0,,,,,
6543,2/26/22 4:20,25.513,0,,,,,
6544,2/26/22 4:30,25.513,0,,,,,
6545,2/26/22 4:40,25.513,0,,,,,
6546,2/26/22 4:50,25.513,0,,,,,
6547,2/26/22 5:00,25.513,0,,,,,
6548,2/26/22 5:10,25.513,0,,,,,
6549,2/26/22 5:20,25.513,0,,,,,
6550,2/26/22 5:30,25.513,0,,,,,
6551,2/26/22 5:40,25.513,0,,,,,
6552,2/26/22 5:50,25.513,0,,,,,
6553,2/26/22 6:00,25.416,0,,,,,
6554,2/26/22 6:10,25.416,64.6,,,,,
6555,2/26/22 6:20,25.416,290.6,,,,,
6556,2/26/22 6:30,25.416,688.9,,,,,
6557,2/26/22 6:40,25.416,1894.5,,,,,
6558,2/26/22 6:50,25.416,1808.3,,,,,
6559,2/26/22 7:00,25.416,3616.7,,,,,
6560,2/26/22 7:10,25.61,5338.9,,,,,
6561,2/26/22 7:20,25.61,6544.5,,,,,
6562,2/26/22 7:30,25.708,7233.4,,,,,
6563,2/26/22 7:40,25.805,10677.8,,,,,
6564,2/26/22 7:50,25.902,9644.5,,,,,
6565,2/26/22 8:00,26,15844.5,,,,,
6566,2/26/22 8:10,26,11711.2,,,,,
6567,2/26/22 8:20,26.097,11022.3,,,,,
6568,2/26/22 8:30,26.097,15844.5,,,,,
6569,2/26/22 8:40,26.097,7577.8,,,,,
6570,2/26/22 8:50,26.292,20666.8,,,,,
6571,2/26/22 9:00,26.292,15844.5,,,,,
6572,2/26/22 9:10,26.39,14466.8,,,,,
6573,2/26/22 9:20,26.39,18600.1,,,,,
6574,2/26/22 9:30,26.292,10677.8,,,,,
6575,2/26/22 9:40,26.292,46844.8,,,,,
6576,2/26/22 9:50,26.195,21355.7,,,,,
6577,2/26/22 10:00,26.292,15844.5,,,,,
6578,2/26/22 10:10,26.292,17911.2,,,,,
6579,2/26/22 10:20,26.195,14466.8,,,,,
6580,2/26/22 10:30,26.195,9300.1,,,,,
6581,2/26/22 10:40,26.292,15155.7,,,,,
6582,2/26/22 10:50,26.292,28933.5,,,,,
6583,2/26/22 11:00,26.39,18600.1,,,,,
6584,2/26/22 11:10,26.39,14466.8,,,,,
6585,2/26/22 11:20,26.39,27555.7,,,,,
6586,2/26/22 11:30,26.39,13089,,,,,
6587,2/26/22 11:40,26.39,11022.3,,,,,
6588,2/26/22 11:50,26.39,13089,,,,,
6589,2/26/22 12:00,26.39,6200,,,,,
6590,2/26/22 12:10,26.39,5166.7,,,,,
6591,2/26/22 12:20,26.292,5511.1,,,,,
6592,2/26/22 12:30,26.39,6544.5,,,,,
6593,2/26/22 12:40,26.39,4650,,,,,
6594,2/26/22 12:50,26.292,3616.7,,,,,
6595,2/26/22 13:00,26.292,7233.4,,,,,
6596,2/26/22 13:10,26.292,4994.5,,,,,
6597,2/26/22 13:20,26.292,2927.8,,,,,
6598,2/26/22 13:30,26.195,2669.5,,,,,
6599,2/26/22 13:40,26.195,2497.2,,,,,
6600,2/26/22 13:50,26.292,2238.9,,,,,
6601,2/26/22 14:00,26.195,2152.8,,,,,
6602,2/26/22 14:10,26.39,2066.7,,,,,
6603,2/26/22 14:20,26.292,1980.6,,,,,
6604,2/26/22 14:30,26.39,1894.5,,,,,
6605,2/26/22 14:40,26.39,1808.3,,,,,
6606,2/26/22 14:50,26.488,1894.5,,,,,
6607,2/26/22 15:00,26.585,1894.5,,,,,
6608,2/26/22 15:10,26.585,1808.3,,,,,
6609,2/26/22 15:20,26.683,2755.6,,,,,
6610,2/26/22 15:30,26.683,1550,,,,,
6611,2/26/22 15:40,26.683,1377.8,,,,,
6612,2/26/22 15:50,26.781,1108.7,,,,,
6613,2/26/22 16:00,26.879,1313.2,,,,,
6614,2/26/22 16:10,26.977,947.2,,,,,
6615,2/26/22 16:20,26.977,839.6,,,,,
6616,2/26/22 16:30,26.879,764.2,,,,,
6617,2/26/22 16:40,26.879,645.8,,,,,
6618,2/26/22 16:50,26.879,624.3,,,,,
6619,2/26/22 17:00,26.879,645.8,,,,,
6620,2/26/22 17:10,26.879,495.1,,,,,
6621,2/26/22 17:20,26.879,344.4,,,,,
6622,2/26/22 17:30,26.879,279.9,,,,,
6623,2/26/22 17:40,26.781,183,,,,,
6624,2/26/22 17:50,26.781,107.6,,,,,
6625,2/26/22 18:00,26.781,53.8,,,,,
6626,2/26/22 18:10,26.683,21.5,,,,,
6627,2/26/22 18:20,26.683,0,,,,,
6628,2/26/22 18:30,26.683,0,,,,,
6629,2/26/22 18:40,26.585,0,,,,,
6630,2/26/22 18:50,26.585,0,,,,,
6631,2/26/22 19:00,26.585,0,,,,,
6632,2/26/22 19:10,26.585,0,,,,,
6633,2/26/22 19:20,26.585,0,,,,,
6634,2/26/22 19:30,26.488,0,,,,,
6635,2/26/22 19:40,26.488,0,,,,,
6636,2/26/22 19:50,26.488,0,,,,,
6637,2/26/22 20:00,26.488,0,,,,,
6638,2/26/22 20:10,26.39,0,,,,,
6639,2/26/22 20:20,26.39,0,,,,,
6640,2/26/22 20:30,26.39,0,,,,,
6641,2/26/22 20:40,26.195,0,,,,,
6642,2/26/22 20:50,26.195,0,,,,,
6643,2/26/22 21:00,26.195,0,,,,,
6644,2/26/22 21:10,26.195,0,,,,,
6645,2/26/22 21:20,26.195,0,,,,,
6646,2/26/22 21:30,26,0,,,,,
6647,2/26/22 21:40,26.195,0,,,,,
6648,2/26/22 21:50,26.195,0,,,,,
6649,2/26/22 22:00,26,0,,,,,
6650,2/26/22 22:10,26.097,0,,,,,
6651,2/26/22 22:20,25.902,0,,,,,
6652,2/26/22 22:30,25.805,0,,,,,
6653,2/26/22 22:40,25.902,0,,,,,
6654,2/26/22 22:50,25.902,0,,,,,
6655,2/26/22 23:00,26,0,,,,,
6656,2/26/22 23:10,25.902,0,,,,,
6657,2/26/22 23:20,25.708,0,,,,,
6658,2/26/22 23:30,25.708,0,,,,,
6659,2/26/22 23:40,25.902,0,,,,,
6660,2/26/22 23:50,26,0,,,,,
6661,2/27/22 0:00,26,0,,,,,
6662,2/27/22 0:10,26,0,,,,,
6663,2/27/22 0:20,26,0,,,,,
6664,2/27/22 0:30,26.097,0,,,,,
6665,2/27/22 0:40,26.097,0,,,,,
6666,2/27/22 0:50,26,0,,,,,
6667,2/27/22 1:00,26,0,,,,,
6668,2/27/22 1:10,26,0,,,,,
6669,2/27/22 1:20,26,0,,,,,
6670,2/27/22 1:30,25.902,0,,,,,
6671,2/27/22 1:40,25.902,0,,,,,
6672,2/27/22 1:50,25.805,0,,,,,
6673,2/27/22 2:00,25.708,0,,,,,
6674,2/27/22 2:10,25.708,0,,,,,
6675,2/27/22 2:20,25.708,0,,,,,
6676,2/27/22 2:30,25.708,0,,,,,
6677,2/27/22 2:40,25.708,0,,,,,
6678,2/27/22 2:50,25.708,0,,,,,
6679,2/27/22 3:00,25.708,0,,,,,
6680,2/27/22 3:10,25.708,0,,,,,
6681,2/27/22 3:20,25.708,0,,,,,
6682,2/27/22 3:30,25.61,0,,,,,
6683,2/27/22 3:40,25.61,0,,,,,
6684,2/27/22 3:50,25.61,0,,,,,
6685,2/27/22 4:00,25.61,0,,,,,
6686,2/27/22 4:10,25.513,0,,,,,
6687,2/27/22 4:20,25.513,0,,,,,
6688,2/27/22 4:30,25.513,0,,,,,
6689,2/27/22 4:40,25.61,0,,,,,
6690,2/27/22 4:50,25.513,0,,,,,
6691,2/27/22 5:00,25.61,0,,,,,
6692,2/27/22 5:10,25.61,0,,,,,
6693,2/27/22 5:20,25.61,0,,,,,
6694,2/27/22 5:30,25.61,0,,,,,
6695,2/27/22 5:40,25.61,0,,,,,
6696,2/27/22 5:50,25.61,0,,,,,
6697,2/27/22 6:00,25.61,0,,,,,
6698,2/27/22 6:10,25.61,10.8,,,,,
6699,2/27/22 6:20,25.61,193.8,,,,,
6700,2/27/22 6:30,25.708,549,,,,,
6701,2/27/22 6:40,25.708,1151.7,,,,,
6702,2/27/22 6:50,25.708,1980.6,,,,,
6703,2/27/22 7:00,25.708,5511.1,,,,,
6704,2/27/22 7:10,25.513,7233.4,,,,,
6705,2/27/22 7:20,25.513,8611.2,,,,,
6706,2/27/22 7:30,25.513,8266.7,,,,,
6707,2/27/22 7:40,25.513,15844.5,,,,,
6708,2/27/22 7:50,25.61,16533.4,,,,,
6709,2/27/22 8:00,25.708,22044.6,,,,,
6710,2/27/22 8:10,25.708,22044.6,,,,,
6711,2/27/22 8:20,25.902,27555.7,,,,,
6712,2/27/22 8:30,26,20666.8,,,,,
6713,2/27/22 8:40,26.097,26178,,,,,
6714,2/27/22 8:50,26.097,21355.7,,,,,
6715,2/27/22 9:00,26.195,34444.7,,,,,
6716,2/27/22 9:10,26.292,34444.7,,,,,
6717,2/27/22 9:20,26.292,24800.2,,,,,
6718,2/27/22 9:30,26.39,14466.8,,,,,
6719,2/27/22 9:40,26.39,28933.5,,,,,
6720,2/27/22 9:50,26.39,24800.2,,,,,
6721,2/27/22 10:00,26.292,19289,,,,,
6722,2/27/22 10:10,26.292,23422.4,,,,,
6723,2/27/22 10:20,26.195,41333.6,,,,,
6724,2/27/22 10:30,26,28933.5,,,,,
6725,2/27/22 10:40,25.902,13777.9,,,,,
6726,2/27/22 10:50,25.416,21.5,,,,,
6727,2/27/22 11:00,25.416,398.3,,,,,
6728,2/27/22 11:10,25.416,215.3,,,,,
6729,2/27/22 11:20,25.513,193.8,,,,,
6730,2/27/22 11:30,25.513,505.9,,,,,
6731,2/27/22 11:40,25.61,5338.9,,,,,
6732,2/27/22 11:50,25.319,258.3,,,,,
6733,2/27/22 12:00,25.513,2669.5,,,,,
6734,2/27/22 12:10,25.708,1216.3,,,,,
6735,2/27/22 12:20,25.708,1463.9,,,,,
6736,2/27/22 12:30,25.708,1894.5,,,,,
6737,2/27/22 12:40,25.708,936.5,,,,,
6738,2/27/22 12:50,25.805,1237.9,,,,,
6739,2/27/22 13:00,25.805,3616.7,,,,,
6740,2/27/22 13:10,25.805,4822.3,,,,,
6741,2/27/22 13:20,25.902,1377.8,,,,,
6742,2/27/22 13:30,26,3100,,,,,
6743,2/27/22 13:40,26,1722.2,,,,,
6744,2/27/22 13:50,25.902,2066.7,,,,,
6745,2/27/22 14:00,26.097,2755.6,,,,,
6746,2/27/22 14:10,27.961,23422.4,,,,,
6747,2/27/22 14:20,27.665,0,,,,,
6748,2/27/22 14:30,28.06,0,,,,,
6749,2/27/22 14:40,28.357,0,,,,,
6750,2/27/22 14:50,28.953,0,,,,,
6751,2/27/22 15:00,29.652,0,,,,,
6752,2/27/22 15:10,29.053,1173.3,,,,,
6753,2/27/22 15:14,,,Logged,,,,
6754,2/27/22 15:15,,,,Logged,,,
6755,2/27/22 15:15,,,Logged,,Logged,,
6756,2/27/22 15:15,,,,,,Logged,Logged